Team,Pos,Age,MP,Starts,Min,90s,Gls,Ast,G-PK,PK,PKatt,CrdY,CrdR,Gls,Ast,G+A,G-PK,G+A-PK,xG,npxG,xA,npxG+xA,xG,xA,xG+xA,npxG,npxG+xA
Arsenal,"FW,MF",19,38,36,"2,978",33.1,11,7,9,2,2,6,0,0.33,0.21,0.54,0.27,0.48,9.7,8.2,6.9,15.2,0.29,0.21,0.5,0.25,0.46
Arsenal,DF,23,35,35,"3,063",34,5,0,5,0,0,8,1,0.15,0,0.15,0.15,0.15,2.7,2.7,0.8,3.5,0.08,0.02,0.1,0.08,0.1
Arsenal,GK,23,34,34,"3,060",34,0,0,0,0,0,1,0,0,0,0,0,0,0,0,0,0,0,0,0,0,0
Arsenal,DF,23,32,32,"2,880",32,0,0,0,0,0,3,0,0,0,0,0,0,1,1,0.6,1.6,0.03,0.02,0.05,0.03,0.05
Arsenal,MF,22,36,32,"2,785",30.9,7,4,7,0,0,4,0,0.23,0.13,0.36,0.23,0.36,4.8,4.8,6.8,11.6,0.16,0.22,0.38,0.16,0.38
Arsenal,"MF,DF",28,27,27,"2,327",25.9,1,2,1,0,0,10,1,0.04,0.08,0.12,0.04,0.12,1.2,1.2,2.3,3.5,0.05,0.09,0.14,0.05,0.14
Arsenal,MF,28,24,23,"2,028",22.5,2,1,2,0,0,6,0,0.09,0.04,0.13,0.09,0.13,2.5,2.5,1.3,3.8,0.11,0.06,0.17,0.11,0.17
Arsenal,DF,24,22,22,"1,915",21.3,1,3,1,0,0,0,0,0.05,0.14,0.19,0.05,0.19,0.7,0.7,1.9,2.6,0.03,0.09,0.12,0.03,0.12
Arsenal,"MF,FW",21,33,21,"1,921",21.3,10,2,10,0,0,1,0,0.47,0.09,0.56,0.47,0.56,5.8,5.8,2.2,8,0.27,0.1,0.37,0.27,0.37
Arsenal,"FW,MF",20,29,21,"1,860",20.7,6,6,5,1,1,3,1,0.29,0.29,0.58,0.24,0.53,7.2,6.5,3.3,9.8,0.35,0.16,0.51,0.31,0.47
Arsenal,"FW,MF",30,30,20,"1,782",19.8,4,7,2,2,3,0,0,0.2,0.35,0.56,0.1,0.45,7.9,5.6,1.9,7.6,0.4,0.1,0.5,0.28,0.38
Arsenal,DF,22,21,20,"1,679",18.7,0,1,0,0,0,2,0,0,0.05,0.05,0,0.05,0.8,0.8,0.6,1.4,0.04,0.03,0.08,0.04,0.08
Arsenal,DF,29,21,16,"1,486",16.5,1,1,1,0,0,3,0,0.06,0.06,0.12,0.06,0.12,0.5,0.5,1.4,2,0.03,0.09,0.12,0.03,0.12
Arsenal,DF,21,22,13,"1,176",13.1,1,1,1,0,0,2,0,0.08,0.08,0.15,0.08,0.15,1.5,1.5,1,2.5,0.11,0.08,0.19,0.11,0.19
Arsenal,MF,21,19,12,"1,134",12.6,0,0,0,0,0,5,0,0,0,0,0,0,0.6,0.6,0.8,1.4,0.05,0.06,0.11,0.05,0.11
Arsenal,FW,32,14,12,"1,037",11.5,4,1,4,0,2,3,0,0.35,0.09,0.43,0.35,0.43,5.8,4.1,0.8,5,0.5,0.07,0.57,0.36,0.43
Arsenal,DF,25,15,9,845,9.4,1,0,1,0,0,4,1,0.11,0,0.11,0.11,0.11,0.3,0.3,0,0.3,0.03,0,0.03,0.03,0.03
Arsenal,FW,22,21,8,835,9.3,5,1,5,0,0,3,0,0.54,0.11,0.65,0.54,0.65,4.6,4.6,1.4,6.1,0.5,0.16,0.65,0.5,0.65
Arsenal,MF,29,14,8,806,9,0,2,0,0,0,1,0,0,0.22,0.22,0,0.22,0.2,0.2,0.6,0.7,0.02,0.06,0.08,0.02,0.08
Arsenal,"FW,MF",26,20,5,696,7.7,1,2,1,0,0,0,0,0.13,0.26,0.39,0.13,0.39,2.9,2.9,1.7,4.6,0.38,0.22,0.6,0.38,0.6
Arsenal,GK,29,4,4,360,4,0,0,0,0,0,0,0,0,0,0,0,0,0,0,0,0,0,0,0,0,0
Arsenal,MF,23,8,2,268,3,0,0,0,0,0,0,0,0,0,0,0,0,0,0,0.3,0.4,0.01,0.12,0.13,0.01,0.13
Arsenal,DF,27,2,2,180,2,0,0,0,0,0,1,0,0,0,0,0,0,0.3,0.3,0.1,0.4,0.15,0.05,0.21,0.15,0.21
Arsenal,DF,26,2,2,170,1.9,0,0,0,0,0,0,0,0,0,0,0,0,0.1,0.1,0.1,0.1,0.05,0.03,0.07,0.05,0.07
Arsenal,DF,28,2,1,91,1,0,0,0,0,0,1,0,0,0,0,0,0,0,0,0,0,0,0,0,0,0
Arsenal,FW,20,2,1,70,0.8,0,0,0,0,0,0,0,0,0,0,0,0,0.3,0.3,0,0.3,0.35,0,0.35,0.35,0.35
Arsenal,FW,21,1,0,20,0.2,0,0,0,0,0,0,0,0,0,0,0,0,0,0,0,0.1,0.16,0.18,0.35,0.16,0.35
Arsenal,DF,19,0,0,,,,,,,,,,,,,,,,,,,,,,,
Arsenal,DF,17,0,0,,,,,,,,,,,,,,,,,,,,,,,
Arsenal,MF,18,0,0,,,,,,,,,,,,,,,,,,,,,,,
Arsenal,"DF,MF",26,0,0,,,,,,,,,,,,,,,,,,,,,,,
Arsenal,FW,18,0,0,,,,,,,,,,,,,,,,,,,,,,,
Arsenal,MF,17,0,0,,,,,,,,,,,,,,,,,,,,,,,
Arsenal,DF,17,0,0,,,,,,,,,,,,,,,,,,,,,,,
Arsenal,GK,19,0,0,,,,,,,,,,,,,,,,,,,,,,,
Arsenal,DF,18,0,0,,,,,,,,,,,,,,,,,,,,,,,
Arsenal,DF,18,0,0,,,,,,,,,,,,,,,,,,,,,,,
Arsenal,GK,19,0,0,,,,,,,,,,,,,,,,,,,,,,,
Arsenal,MF,17,0,0,,,,,,,,,,,,,,,,,,,,,,,
Arsenal,FW,17,0,0,,,,,,,,,,,,,,,,,,,,,,,
Arsenal,DF,20,0,0,,,,,,,,,,,,,,,,,,,,,,,
Aston Villa,DF,23,38,38,"3,377",37.5,4,3,4,0,0,8,0,0.11,0.08,0.19,0.11,0.19,2.4,2.4,1.9,4.4,0.07,0.05,0.12,0.07,0.12
Aston Villa,GK,28,36,36,"3,240",36,0,0,0,0,0,4,0,0,0,0,0,0,0,0,0,0,0,0,0,0,0
Aston Villa,DF,28,36,35,"3,189",35.4,1,3,1,0,0,11,0,0.03,0.08,0.11,0.03,0.11,1.4,1.4,1.5,2.9,0.04,0.04,0.08,0.04,0.08
Aston Villa,MF,26,35,35,"3,090",34.3,3,4,3,0,0,8,0,0.09,0.12,0.2,0.09,0.2,1.5,1.5,4.9,6.4,0.04,0.14,0.19,0.04,0.19
Aston Villa,FW,25,35,33,"2,952",32.8,11,2,10,1,1,7,0,0.34,0.06,0.4,0.3,0.37,12.2,11.4,2.9,14.3,0.37,0.09,0.46,0.35,0.44
Aston Villa,MF,23,34,31,"2,715",30.2,2,3,2,0,0,7,0,0.07,0.1,0.17,0.07,0.17,2,2,2.5,4.5,0.07,0.08,0.15,0.07,0.15
Aston Villa,DF,23,29,29,"2,477",27.5,2,0,2,0,0,6,2,0.07,0,0.07,0.07,0.07,1.5,1.5,0.3,1.7,0.05,0.01,0.06,0.05,0.06
Aston Villa,MF,20,34,29,"2,467",27.4,6,1,6,0,0,6,0,0.22,0.04,0.26,0.22,0.26,3.8,3.8,2,5.8,0.14,0.07,0.21,0.14,0.21
Aston Villa,"FW,MF",24,35,22,"1,899",21.1,4,6,4,0,0,1,0,0.19,0.28,0.47,0.19,0.47,3.1,3.1,5.5,8.6,0.14,0.26,0.41,0.14,0.41
Aston Villa,FW,29,30,22,"1,898",21.1,7,6,6,1,1,4,0,0.33,0.28,0.62,0.28,0.57,7.3,6.6,2,8.6,0.35,0.1,0.44,0.31,0.41
Aston Villa,DF,25,17,17,"1,431",15.9,1,1,1,0,0,2,0,0.06,0.06,0.13,0.06,0.13,0.5,0.5,2.2,2.7,0.03,0.14,0.17,0.03,0.17
Aston Villa,"MF,FW",29,19,16,"1,329",14.8,5,3,5,0,0,0,0,0.34,0.2,0.54,0.34,0.54,3.7,3.7,3.2,6.9,0.25,0.22,0.47,0.25,0.47
Aston Villa,DF,28,16,16,"1,269",14.1,0,4,0,0,0,2,0,0,0.28,0.28,0,0.28,0.6,0.6,2,2.6,0.04,0.14,0.18,0.04,0.18
Aston Villa,"DF,FW",36,24,10,"1,250",13.9,0,2,0,0,0,2,0,0,0.14,0.14,0,0.14,0.4,0.4,0.7,1.1,0.03,0.05,0.08,0.03,0.08
Aston Villa,MF,27,16,10,904,10,0,0,0,0,0,5,0,0,0,0,0,0,0,0,0.1,0.1,0,0.01,0.01,0,0.01
Aston Villa,DF,26,11,9,831,9.2,1,0,1,0,0,1,0,0.11,0,0.11,0.11,0.11,0.2,0.2,0.1,0.4,0.02,0.01,0.04,0.02,0.04
Aston Villa,"FW,MF",23,18,7,761,8.5,1,2,1,0,0,3,0,0.12,0.24,0.35,0.12,0.35,1.6,1.6,0.6,2.2,0.19,0.07,0.26,0.19,0.26
Aston Villa,DF,23,9,6,508,5.6,0,0,0,0,0,1,0,0,0,0,0,0,0.2,0.2,0,0.2,0.03,0,0.03,0.03,0.03
Aston Villa,DF,26,7,4,397,4.4,1,0,1,0,0,0,0,0.23,0,0.23,0.23,0.23,0.1,0.1,0,0.1,0.02,0,0.02,0.02,0.02
Aston Villa,"FW,MF",26,9,4,386,4.3,1,1,0,1,1,2,0,0.23,0.23,0.47,0,0.23,1.1,0.3,0.4,0.7,0.25,0.09,0.33,0.07,0.16
Aston Villa,MF,26,10,3,356,4,0,0,0,0,0,0,0,0,0,0,0,0,0,0,0,0,0,0,0.01,0,0.01
Aston Villa,"MF,FW",17,12,2,301,3.3,0,1,0,0,0,0,0,0,0.3,0.3,0,0.3,0.6,0.6,1,1.5,0.17,0.29,0.46,0.17,0.46
Aston Villa,"MF,FW",25,9,1,220,2.4,0,0,0,0,0,0,0,0,0,0,0,0,0.3,0.3,0,0.3,0.13,0,0.13,0.13,0.13
Aston Villa,MF,18,3,1,92,1,0,0,0,0,0,1,0,0,0,0,0,0,0.1,0.1,0,0.1,0.13,0,0.13,0.13,0.13
Aston Villa,GK,31,1,1,90,1,0,0,0,0,0,0,0,0,0,0,0,0,0,0,0,0,0,0,0,0,0
Aston Villa,GK,28,1,1,90,1,0,0,0,0,0,0,0,0,0,0,0,0,0,0,0,0,0,0,0,0,0
Aston Villa,"MF,FW",19,3,0,27,0.3,0,0,0,0,0,0,0,0,0,0,0,0,0,0,0,0,0.07,0,0.07,0.07,0.07
Aston Villa,FW,23,1,0,12,0.1,0,0,0,0,0,0,0,0,0,0,0,0,0,0,0,0,0,0,0,0,0
Aston Villa,FW,26,1,0,11,0.1,0,0,0,0,0,0,0,0,0,0,0,0,0.1,0.1,0,0.1,0.51,0,0.51,0.51,0.51
Aston Villa,FW,19,1,0,5,0.1,0,0,0,0,0,0,0,0,0,0,0,0,0,0,0,0,0,0,0,0,0
Aston Villa,FW,24,1,0,1,0,0,0,0,0,0,0,0,0,0,0,0,0,0,0,0,0,0,0,0,0,0
Aston Villa,MF,17,0,0,,,,,,,,,,,,,,,,,,,,,,,
Aston Villa,DF,17,0,0,,,,,,,,,,,,,,,,,,,,,,,
Aston Villa,DF,16,0,0,,,,,,,,,,,,,,,,,,,,,,,
Aston Villa,"DF,MF",26,0,0,,,,,,,,,,,,,,,,,,,,,,,
Aston Villa,MF,30,0,0,,,,,,,,,,,,,,,,,,,,,,,
Aston Villa,"DF,MF",18,0,0,,,,,,,,,,,,,,,,,,,,,,,
Aston Villa,GK,18,0,0,,,,,,,,,,,,,,,,,,,,,,,
Aston Villa,MF,17,0,0,,,,,,,,,,,,,,,,,,,,,,,
Aston Villa,MF,18,0,0,,,,,,,,,,,,,,,,,,,,,,,
Aston Villa,GK,19,0,0,,,,,,,,,,,,,,,,,,,,,,,
Brentford,DF,30,37,37,"3,321",36.9,3,1,3,0,0,7,0,0.08,0.03,0.11,0.08,0.11,2.9,2.9,0.5,3.4,0.08,0.01,0.09,0.08,0.09
Brentford,MF,27,35,35,"3,054",33.9,3,4,3,0,0,8,0,0.09,0.12,0.21,0.09,0.21,3.2,3.2,3.1,6.3,0.09,0.09,0.19,0.09,0.19
Brentford,FW,21,35,34,"2,905",32.3,4,7,3,1,1,4,0,0.12,0.22,0.34,0.09,0.31,9.7,9,3.6,12.5,0.3,0.11,0.41,0.28,0.39
Brentford,DF,24,34,33,"2,776",30.8,3,0,3,0,0,2,0,0.1,0,0.1,0.1,0.1,1.8,1.8,1.7,3.5,0.06,0.06,0.11,0.06,0.11
Brentford,FW,25,33,32,"2,909",32.3,12,5,7,5,5,8,0,0.37,0.15,0.53,0.22,0.37,12,8.2,5.8,14,0.37,0.18,0.55,0.25,0.43
Brentford,DF,28,32,32,"2,694",29.9,1,1,1,0,0,1,0,0.03,0.03,0.07,0.03,0.07,1.5,1.5,1.2,2.8,0.05,0.04,0.09,0.05,0.09
Brentford,MF,23,31,27,"2,298",25.5,4,0,4,0,0,3,0,0.16,0,0.16,0.16,0.16,2.6,2.6,2.2,4.8,0.1,0.09,0.19,0.1,0.19
Brentford,DF,24,31,25,"2,083",23.1,3,2,3,0,0,8,1,0.13,0.09,0.22,0.13,0.22,3,3,1.9,4.9,0.13,0.08,0.21,0.13,0.21
Brentford,GK,25,24,24,"2,160",24,0,0,0,0,0,1,0,0,0,0,0,0,0,0,0,0,0,0,0,0,0
Brentford,DF,23,24,23,"1,995",22.2,1,3,1,0,0,5,0,0.05,0.14,0.18,0.05,0.18,0.8,0.8,1.4,2.2,0.04,0.06,0.1,0.04,0.1
Brentford,MF,25,31,19,"1,601",17.8,0,1,0,0,0,0,0,0,0.06,0.06,0,0.06,2.5,2.5,3.6,6.1,0.14,0.2,0.34,0.14,0.34
Brentford,"FW,MF",24,30,12,"1,284",14.3,7,1,7,0,0,0,0,0.49,0.07,0.56,0.49,0.56,3.7,3.7,0.7,4.4,0.26,0.05,0.31,0.26,0.31
Brentford,DF,22,21,12,"1,240",13.8,1,1,1,0,0,1,0,0.07,0.07,0.15,0.07,0.15,0.3,0.3,0.9,1.2,0.02,0.06,0.08,0.02,0.08
Brentford,GK,23,12,12,"1,080",12,0,0,0,0,0,0,0,0,0,0,0,0,0,0,0,0,0,0,0,0,0
Brentford,MF,23,20,12,"1,045",11.6,0,0,0,0,0,4,0,0,0,0,0,0,1.1,1.1,0.2,1.3,0.1,0.02,0.11,0.1,0.11
Brentford,MF,29,11,10,939,10.4,1,4,1,0,0,1,0,0.1,0.38,0.48,0.1,0.48,1.4,1.4,3.6,5,0.14,0.34,0.48,0.14,0.48
Brentford,MF,23,22,9,910,10.1,1,1,1,0,0,2,1,0.1,0.1,0.2,0.1,0.2,0.7,0.7,0.5,1.2,0.07,0.05,0.12,0.07,0.12
Brentford,DF,22,11,9,835,9.3,0,0,0,0,0,3,0,0,0,0,0,0,0.1,0.1,0.4,0.5,0.01,0.04,0.05,0.01,0.05
Brentford,DF,31,8,6,518,5.8,1,0,1,0,0,2,0,0.17,0,0.17,0.17,0.17,0.1,0.1,0.1,0.2,0.02,0.02,0.03,0.02,0.03
Brentford,"DF,MF",27,17,4,536,6,1,1,1,0,0,2,0,0.17,0.17,0.34,0.17,0.34,0.6,0.6,1.2,1.9,0.11,0.21,0.32,0.11,0.32
Brentford,DF,25,6,4,450,5,0,0,0,0,0,3,0,0,0,0,0,0,0.1,0.1,0.3,0.5,0.03,0.07,0.1,0.03,0.1
Brentford,"MF,FW",22,9,2,257,2.9,0,0,0,0,0,0,1,0,0,0,0,0,0,0,0.1,0.2,0.02,0.04,0.05,0.02,0.05
Brentford,GK,32,2,2,180,2,0,0,0,0,0,0,0,0,0,0,0,0,0,0,0,0,0,0,0,0,0
Brentford,DF,21,2,2,146,1.6,0,0,0,0,0,0,0,0,0,0,0,0,0,0,0,0,0.01,0,0.01,0.01,0.01
Brentford,"FW,MF",22,7,1,209,2.3,0,1,0,0,0,0,0,0,0.43,0.43,0,0.43,0.2,0.2,0,0.2,0.1,0,0.1,0.1,0.1
Brentford,MF,20,4,0,41,0.5,0,0,0,0,0,0,0,0,0,0,0,0,0,0,0,0,0,0,0,0,0
Brentford,DF,25,1,0,17,0.2,0,0,0,0,0,0,0,0,0,0,0,0,0,0,0,0,0.16,0,0.16,0.16,0.16
Brentford,DF,18,1,0,15,0.2,0,0,0,0,0,0,0,0,0,0,0,0,0,0,0,0,0,0.25,0.25,0,0.25
Brentford,FW,18,1,0,4,0,0,0,0,0,0,0,0,0,0,0,0,0,0,0,0,0,0,0,0,0,0
Brentford,GK,18,0,0,,,,,,,,,,,,,,,,,,,,,,,
Brentford,FW,21,0,0,,,,,,,,,,,,,,,,,,,,,,,
Brentford,GK,20,0,0,,,,,,,,,,,,,,,,,,,,,,,
Brentford,MF,19,0,0,,,,,,,,,,,,,,,,,,,,,,,
Brentford,DF,29,0,0,,,,,,,,,,,,,,,,,,,,,,,
Brentford,MF,20,0,0,,,,,,,,,,,,,,,,,,,,,,,
Brentford,MF,18,0,0,,,,,,,,,,,,,,,,,,,,,,,
Brighton & Hove Albion,GK,23,37,37,"3,329",37,0,0,0,0,0,3,1,0,0,0,0,0,0,0,0.4,0.4,0,0.01,0.01,0,0.01
Brighton & Hove Albion,DF,23,35,35,"3,089",34.3,1,1,1,0,0,6,0,0.03,0.03,0.06,0.03,0.06,0.7,0.7,2.7,3.4,0.02,0.08,0.1,0.02,0.1
Brighton & Hove Albion,DF,29,34,33,"2,874",31.9,1,1,1,0,0,6,0,0.03,0.03,0.06,0.03,0.06,0.9,0.9,1.1,2,0.03,0.03,0.06,0.03,0.06
Brighton & Hove Albion,"FW,MF",26,34,32,"2,805",31.2,8,3,7,1,1,2,0,0.26,0.1,0.35,0.22,0.32,6.8,6,4.1,10.1,0.22,0.13,0.35,0.19,0.32
Brighton & Hove Albion,DF,29,29,29,"2,573",28.6,1,0,1,0,0,3,1,0.03,0,0.03,0.03,0.03,1.2,1.2,0.2,1.4,0.04,0.01,0.05,0.04,0.05
Brighton & Hove Albion,FW,24,32,25,"2,276",25.3,8,2,7,1,2,7,0,0.32,0.08,0.4,0.28,0.36,7.7,6.2,2.2,8.4,0.3,0.09,0.39,0.24,0.33
Brighton & Hove Albion,MF,24,26,25,"2,111",23.5,1,2,1,0,0,10,0,0.04,0.09,0.13,0.04,0.13,0.9,0.9,0.8,1.7,0.04,0.03,0.07,0.04,0.07
Brighton & Hove Albion,"MF,DF",30,29,24,"2,038",22.6,2,4,2,0,1,1,0,0.09,0.18,0.26,0.09,0.26,2.9,2.2,5.3,7.5,0.13,0.24,0.36,0.1,0.33
Brighton & Hove Albion,"MF,FW",22,33,22,"2,123",23.6,5,2,3,2,3,4,0,0.21,0.08,0.3,0.13,0.21,6.5,4.2,1.5,5.7,0.28,0.06,0.34,0.18,0.24
Brighton & Hove Albion,"MF,FW",22,28,19,"1,701",18.9,0,3,0,0,0,1,0,0,0.16,0.16,0,0.16,2.4,2.4,1.7,4.1,0.13,0.09,0.22,0.13,0.22
Brighton & Hove Albion,MF,33,24,18,"1,561",17.3,0,1,0,0,0,4,0,0,0.06,0.06,0,0.06,1.2,1.2,0.7,1.9,0.07,0.04,0.11,0.07,0.11
Brighton & Hove Albion,"DF,FW",27,31,17,"1,746",19.4,0,2,0,0,0,1,0,0,0.1,0.1,0,0.1,1.5,1.5,2.7,4.3,0.08,0.14,0.22,0.08,0.22
Brighton & Hove Albion,"DF,FW",20,30,16,"1,561",17.3,0,2,0,0,0,4,0,0,0.12,0.12,0,0.12,0.8,0.8,2.2,3,0.05,0.13,0.17,0.05,0.17
Brighton & Hove Albion,DF,26,22,16,"1,434",15.9,2,0,2,0,0,5,0,0.13,0,0.13,0.13,0.13,1.1,1.1,0.1,1.2,0.07,0,0.08,0.07,0.08
Brighton & Hove Albion,FW,30,25,15,"1,478",16.4,6,2,6,0,0,0,0,0.37,0.12,0.49,0.37,0.49,6.1,6.1,1,7.1,0.37,0.06,0.44,0.37,0.44
Brighton & Hove Albion,DF,29,18,15,"1,436",16,1,0,1,0,0,7,0,0.06,0,0.06,0.06,0.06,1.3,1.3,0.1,1.5,0.08,0.01,0.09,0.08,0.09
Brighton & Hove Albion,DF,29,13,12,"1,022",11.4,1,0,1,0,0,4,0,0.09,0,0.09,0.09,0.09,1.3,1.3,0,1.3,0.11,0,0.12,0.11,0.12
Brighton & Hove Albion,"MF,FW",23,18,12,996,11.1,2,4,2,0,0,2,0,0.18,0.36,0.54,0.18,0.54,1.9,1.9,1.4,3.2,0.17,0.12,0.29,0.17,0.29
Brighton & Hove Albion,MF,19,8,8,660,7.3,1,1,1,0,0,2,0,0.14,0.14,0.27,0.14,0.27,0.8,0.8,0.4,1.1,0.1,0.05,0.16,0.1,0.16
Brighton & Hove Albion,MF,22,9,5,404,4.5,0,0,0,0,0,0,0,0,0,0,0,0,0.1,0.1,0.2,0.3,0.02,0.04,0.06,0.02,0.06
Brighton & Hove Albion,FW,21,4,1,156,1.7,0,0,0,0,0,0,0,0,0,0,0,0,0.5,0.5,0.4,0.8,0.26,0.2,0.47,0.26,0.47
Brighton & Hove Albion,GK,30,1,1,90,1,0,0,0,0,0,0,0,0,0,0,0,0,0,0,0,0,0,0,0,0,0
Brighton & Hove Albion,"FW,MF",19,5,1,48,0.5,0,0,0,0,0,0,0,0,0,0,0,0,0,0,0,0,0,0,0,0,0
Brighton & Hove Albion,"MF,FW",20,2,0,25,0.3,0,0,0,0,0,0,0,0,0,0,0,0,0,0,0,0,0.14,0,0.14,0.14,0.14
Brighton & Hove Albion,MF,16,1,0,23,0.3,0,0,0,0,0,0,0,0,0,0,0,0,0,0,0,0,0,0,0,0,0
Brighton & Hove Albion,FW,27,1,0,23,0.3,0,0,0,0,0,0,0,0,0,0,0,0,0.1,0.1,0,0.1,0.45,0,0.45,0.45,0.45
Brighton & Hove Albion,FW,28,0,0,,,,,,,,,,,,,,,,,,,,,,,
Brighton & Hove Albion,DF,20,0,0,,,,,,,,,,,,,,,,,,,,,,,
Brighton & Hove Albion,MF,19,0,0,,,,,,,,,,,,,,,,,,,,,,,
Brighton & Hove Albion,GK,21,0,0,,,,,,,,,,,,,,,,,,,,,,,
Brighton & Hove Albion,DF,18,0,0,,,,,,,,,,,,,,,,,,,,,,,
Brighton & Hove Albion,DF,19,0,0,,,,,,,,,,,,,,,,,,,,,,,
Brighton & Hove Albion,GK,21,0,0,,,,,,,,,,,,,,,,,,,,,,,
Brighton & Hove Albion,DF,18,0,0,,,,,,,,,,,,,,,,,,,,,,,
Brighton & Hove Albion,FW,22,0,0,,,,,,,,,,,,,,,,,,,,,,,
Burnley,GK,29,36,36,"3,240",36,0,0,0,0,0,1,0,0,0,0,0,0,0,0,0.2,0.2,0,0.01,0.01,0,0.01
Burnley,MF,21,38,35,"3,107",34.5,0,1,0,0,0,1,0,0,0.03,0.03,0,0.03,2.3,2.3,4.8,7.1,0.07,0.14,0.21,0.07,0.21
Burnley,DF,28,35,35,"3,106",34.5,1,2,1,0,0,11,0,0.03,0.06,0.09,0.03,0.09,2,2,0.6,2.6,0.06,0.02,0.08,0.06,0.08
Burnley,MF,25,35,32,"2,955",32.8,2,3,2,0,0,10,0,0.06,0.09,0.15,0.06,0.15,1.4,1.4,2.5,3.9,0.04,0.08,0.12,0.04,0.12
Burnley,DF,27,31,30,"2,731",30.3,0,3,0,0,0,3,0,0,0.1,0.1,0,0.1,0.2,0.2,3.5,3.7,0.01,0.11,0.12,0.01,0.12
Burnley,MF,31,27,26,"2,287",25.4,0,3,0,0,0,7,0,0,0.12,0.12,0,0.12,0.8,0.8,3.6,4.3,0.03,0.14,0.17,0.03,0.17
Burnley,DF,31,21,21,"1,839",20.4,3,0,3,0,0,3,0,0.15,0,0.15,0.15,0.15,1.8,1.8,0.1,1.9,0.09,0,0.09,0.09,0.09
Burnley,"FW,MF",24,26,21,"1,766",19.6,9,1,9,0,1,2,0,0.46,0.05,0.51,0.46,0.51,6.7,5.9,1.5,7.4,0.34,0.07,0.42,0.3,0.38
Burnley,DF,32,25,20,"1,772",19.7,1,2,1,0,0,3,1,0.05,0.1,0.15,0.05,0.15,0.6,0.6,1.3,1.9,0.03,0.07,0.1,0.03,0.1
Burnley,MF,32,20,20,"1,670",18.6,1,0,1,0,0,4,0,0.05,0,0.05,0.05,0.05,0.8,0.8,0.1,0.9,0.04,0.01,0.05,0.04,0.05
Burnley,DF,25,21,19,"1,692",18.8,1,1,1,0,0,2,0,0.05,0.05,0.11,0.05,0.11,0.2,0.2,1.1,1.3,0.01,0.06,0.07,0.01,0.07
Burnley,DF,20,19,18,"1,670",18.6,2,0,2,0,0,2,1,0.11,0,0.11,0.11,0.11,1.6,1.6,0.9,2.5,0.08,0.05,0.14,0.08,0.14
Burnley,MF,34,28,17,"1,551",17.2,2,0,2,0,0,2,0,0.12,0,0.12,0.12,0.12,1.1,1.1,0.5,1.6,0.06,0.03,0.09,0.06,0.09
Burnley,FW,28,20,17,"1,450",16.1,2,3,2,0,0,3,0,0.12,0.19,0.31,0.12,0.31,4.2,4.2,1.4,5.7,0.26,0.09,0.35,0.26,0.35
Burnley,FW,29,17,17,"1,367",15.2,3,0,3,0,0,1,0,0.2,0,0.2,0.2,0.2,4.5,4.5,0.2,4.7,0.3,0.02,0.31,0.3,0.31
Burnley,FW,32,29,13,"1,382",15.4,2,2,2,0,0,3,0,0.13,0.13,0.26,0.13,0.26,4.7,4.7,1.9,6.6,0.3,0.12,0.43,0.3,0.43
Burnley,MF,30,18,13,"1,102",12.2,0,1,0,0,0,2,0,0,0.08,0.08,0,0.08,1.7,1.7,0.3,2,0.14,0.03,0.16,0.14,0.16
Burnley,FW,31,23,8,808,9,1,0,0,1,1,4,0,0.11,0,0.11,0,0,1.8,1,1.6,2.6,0.2,0.18,0.38,0.11,0.29
Burnley,DF,32,12,8,730,8.1,0,1,0,0,0,1,0,0,0.12,0.12,0,0.12,0.2,0.2,0.8,1,0.02,0.1,0.13,0.02,0.13
Burnley,FW,29,22,5,679,7.5,2,3,2,0,0,1,0,0.27,0.4,0.66,0.27,0.66,3,3,0.6,3.6,0.4,0.08,0.48,0.4,0.48
Burnley,DF,30,6,4,410,4.6,0,0,0,0,0,1,0,0,0,0,0,0,0.2,0.2,0,0.2,0.03,0,0.03,0.03,0.03
Burnley,GK,34,2,2,180,2,0,0,0,0,0,0,0,0,0,0,0,0,0,0,0.1,0.1,0,0.06,0.06,0,0.06
Burnley,MF,32,3,1,124,1.4,0,0,0,0,0,1,0,0,0,0,0,0,0,0,0,0.1,0.02,0.03,0.06,0.02,0.06
Burnley,DF,36,0,0,,,,,,,,,,,,,,,,,,,,,,,
Burnley,DF,18,0,0,,,,,,,,,,,,,,,,,,,,,,,
Burnley,DF,18,0,0,,,,,,,,,,,,,,,,,,,,,,,
Burnley,MF,20,0,0,,,,,,,,,,,,,,,,,,,,,,,
Burnley,MF,18,0,0,,,,,,,,,,,,,,,,,,,,,,,
Burnley,GK,27,0,0,,,,,,,,,,,,,,,,,,,,,,,
Burnley,FW,18,0,0,,,,,,,,,,,,,,,,,,,,,,,
Burnley,DF,,0,0,,,,,,,,,,,,,,,,,,,,,,,
Burnley,GK,17,0,0,,,,,,,,,,,,,,,,,,,,,,,
Chelsea,GK,29,34,34,"3,060",34,0,0,0,0,0,3,0,0,0,0,0,0,0,0,0,0,0,0,0,0,0
Chelsea,DF,28,34,34,"3,035",33.7,3,0,3,0,0,9,0,0.09,0,0.09,0.09,0.09,2.8,2.8,1.1,3.9,0.08,0.03,0.12,0.08,0.12
Chelsea,DF,36,32,28,"2,650",29.4,3,0,3,0,0,2,0,0.1,0,0.1,0.1,0.1,0.9,0.9,0.2,1.1,0.03,0.01,0.04,0.03,0.04
Chelsea,"MF,FW",22,32,27,"2,363",26.3,11,10,10,1,1,4,0,0.42,0.38,0.8,0.38,0.76,8.9,8.1,6.7,14.8,0.34,0.25,0.59,0.31,0.56
Chelsea,MF,29,29,26,"2,273",25.3,6,2,0,6,7,5,0,0.24,0.08,0.32,0,0.08,5.7,0.4,2.8,3.2,0.23,0.11,0.34,0.02,0.13
Chelsea,DF,30,28,25,"2,167",24.1,4,4,4,0,0,8,0,0.17,0.17,0.33,0.17,0.33,3.3,3.3,4.6,7.9,0.14,0.19,0.33,0.14,0.33
Chelsea,DF,31,27,24,"2,070",23,1,2,1,0,0,3,0,0.04,0.09,0.13,0.04,0.13,1.2,1.2,2.1,3.3,0.05,0.09,0.14,0.05,0.14
Chelsea,DF,21,26,22,"1,864",20.7,5,9,5,0,0,4,1,0.24,0.43,0.68,0.24,0.68,2.6,2.6,5.7,8.3,0.12,0.28,0.4,0.12,0.4
Chelsea,"FW,MF",22,29,22,"1,809",20.1,8,3,8,0,0,3,0,0.4,0.15,0.55,0.4,0.55,9.7,9.7,2,11.6,0.48,0.1,0.58,0.48,0.58
Chelsea,MF,30,26,21,"1,773",19.7,2,4,2,0,0,2,0,0.1,0.2,0.3,0.1,0.3,1.8,1.8,2.3,4.2,0.09,0.12,0.21,0.09,0.21
Chelsea,DF,25,19,17,"1,496",16.6,0,0,0,0,0,2,0,0,0,0,0,0,0.4,0.4,0.2,0.7,0.03,0.01,0.04,0.03,0.04
Chelsea,DF,22,20,17,"1,449",16.1,3,1,3,0,0,2,0,0.19,0.06,0.25,0.19,0.25,1,1,0.2,1.2,0.06,0.01,0.08,0.06,0.08
Chelsea,FW,28,26,16,"1,589",17.7,8,0,7,1,1,1,0,0.45,0,0.45,0.4,0.4,6.8,6.1,3,9,0.39,0.17,0.55,0.34,0.51
Chelsea,MF,27,25,16,"1,558",17.3,2,5,2,0,0,4,0,0.12,0.29,0.4,0.12,0.4,1.8,1.8,3.6,5.5,0.11,0.21,0.32,0.11,0.32
Chelsea,"FW,MF",25,21,15,"1,283",14.3,4,1,4,0,0,1,0,0.28,0.07,0.35,0.28,0.35,7.6,7.6,0.4,8,0.53,0.03,0.56,0.53,0.56
Chelsea,"FW,MF",28,23,14,"1,319",14.7,4,3,4,0,0,3,0,0.27,0.2,0.48,0.27,0.48,3.4,3.4,3.5,6.9,0.23,0.24,0.47,0.23,0.47
Chelsea,"MF,DF",25,24,13,"1,394",15.5,0,2,0,0,0,1,0,0,0.13,0.13,0,0.13,1.2,1.2,1.9,3.1,0.08,0.12,0.2,0.08,0.2
Chelsea,"MF,FW",22,22,13,"1,290",14.3,6,2,6,0,0,2,0,0.42,0.14,0.56,0.42,0.56,5.1,5.1,1.2,6.3,0.35,0.08,0.44,0.35,0.44
Chelsea,"FW,MF",20,15,11,962,10.7,1,2,1,0,0,1,0,0.09,0.19,0.28,0.09,0.28,2.1,2.1,2.3,4.4,0.2,0.21,0.41,0.2,0.41
Chelsea,DF,22,8,6,546,6.1,0,0,0,0,0,2,0,0,0,0,0,0,0,0,0.4,0.4,0.01,0.06,0.07,0.01,0.07
Chelsea,DF,24,7,6,542,6,3,1,3,0,0,0,0,0.5,0.17,0.66,0.5,0.66,1.2,1.2,0.9,2.1,0.19,0.15,0.34,0.19,0.34
Chelsea,"MF,DF",26,10,5,480,5.3,0,0,0,0,0,1,0,0,0,0,0,0,0.2,0.2,0.3,0.5,0.04,0.06,0.1,0.04,0.1
Chelsea,GK,26,4,4,360,4,0,0,0,0,0,0,0,0,0,0,0,0,0,0,0,0,0,0,0,0,0
Chelsea,MF,27,6,1,179,2,1,0,1,0,0,0,0,0.5,0,0.5,0.5,0.5,1.2,1.2,0.7,1.9,0.6,0.33,0.94,0.6,0.94
Chelsea,DF,25,1,1,58,0.6,0,1,0,0,0,0,0,0,1.55,1.55,0,1.55,0.1,0.1,0.9,1,0.13,1.35,1.48,0.13,1.48
Chelsea,DF,26,1,0,5,0.1,0,0,0,0,0,0,0,0,0,0,0,0,0,0,0,0,0,0,0,0,0
Chelsea,FW,23,0,0,,,,,,,,,,,,,,,,,,,,,,,
Chelsea,GK,29,0,0,,,,,,,,,,,,,,,,,,,,,,,
Chelsea,MF,16,0,0,,,,,,,,,,,,,,,,,,,,,,,
Chelsea,MF,17,0,0,,,,,,,,,,,,,,,,,,,,,,,
Chelsea,DF,26,0,0,,,,,,,,,,,,,,,,,,,,,,,
Crystal Palace,DF,21,36,36,"3,222",35.8,2,1,2,0,0,4,0,0.06,0.03,0.08,0.06,0.08,1.9,1.9,0.5,2.4,0.05,0.01,0.07,0.05,0.07
Crystal Palace,DF,21,36,35,"3,101",34.5,0,2,0,0,0,1,0,0,0.06,0.06,0,0.06,0.3,0.3,1.3,1.6,0.01,0.04,0.05,0.01,0.05
Crystal Palace,MF,21,34,33,"2,845",31.6,8,3,8,0,0,10,0,0.25,0.09,0.35,0.25,0.35,5.8,5.8,3.5,9.3,0.18,0.11,0.29,0.18,0.29
Crystal Palace,DF,25,34,32,"2,916",32.4,0,3,0,0,0,4,0,0,0.09,0.09,0,0.09,0.6,0.6,2,2.6,0.02,0.06,0.08,0.02,0.08
Crystal Palace,FW,28,33,31,"2,760",30.7,14,1,9,5,7,6,1,0.46,0.03,0.49,0.29,0.33,9.4,4,4.8,8.8,0.31,0.16,0.46,0.13,0.29
Crystal Palace,GK,34,30,30,"2,655",29.5,0,0,0,0,0,2,0,0,0,0,0,0,0,0,0,0,0,0,0,0,0
Crystal Palace,DF,31,28,27,"2,487",27.6,0,0,0,0,0,8,0,0,0,0,0,0,0.4,0.4,0.6,1,0.01,0.02,0.03,0.01,0.03
Crystal Palace,FW,29,31,23,"2,019",22.4,3,3,3,0,0,2,0,0.13,0.13,0.27,0.13,0.27,3.7,3.7,2.3,6.1,0.17,0.1,0.27,0.17,0.27
Crystal Palace,MF,31,27,23,"1,974",21.9,0,1,0,0,0,3,0,0,0.05,0.05,0,0.05,0.6,0.6,0.7,1.3,0.03,0.03,0.06,0.03,0.06
Crystal Palace,"MF,FW",28,32,20,"1,851",20.6,4,1,4,0,0,1,0,0.19,0.05,0.24,0.19,0.24,3.1,3.1,1.8,4.9,0.15,0.09,0.24,0.15,0.24
Crystal Palace,FW,23,28,18,"1,564",17.4,6,3,5,1,1,4,0,0.35,0.17,0.52,0.29,0.46,6.9,6.1,2.3,8.4,0.39,0.13,0.53,0.35,0.48
Crystal Palace,MF,33,21,15,"1,439",16,0,3,0,0,0,4,0,0,0.19,0.19,0,0.19,0.3,0.3,1,1.4,0.02,0.06,0.08,0.02,0.08
Crystal Palace,DF,30,16,15,"1,351",15,0,1,0,0,0,1,0,0,0.07,0.07,0,0.07,0.1,0.1,0.5,0.6,0.01,0.03,0.04,0.01,0.04
Crystal Palace,FW,24,22,13,"1,145",12.7,5,1,5,0,0,2,0,0.39,0.08,0.47,0.39,0.47,5.5,5.5,1.3,6.8,0.43,0.11,0.54,0.43,0.54
Crystal Palace,MF,26,16,13,"1,053",11.7,0,1,0,0,0,6,0,0,0.09,0.09,0,0.09,0.2,0.2,0.7,0.8,0.01,0.06,0.07,0.01,0.07
Crystal Palace,"FW,MF",19,26,12,"1,141",12.7,2,5,2,0,0,4,0,0.16,0.39,0.55,0.16,0.55,1.4,1.4,3.4,4.8,0.11,0.27,0.38,0.11,0.38
Crystal Palace,FW,30,25,11,"1,145",12.7,4,1,4,0,0,3,0,0.31,0.08,0.39,0.31,0.39,5.4,5.4,1.1,6.5,0.42,0.09,0.51,0.42,0.51
Crystal Palace,MF,30,15,9,774,8.6,0,0,0,0,0,1,0,0,0,0,0,0,0.2,0.2,0.8,1,0.03,0.09,0.12,0.03,0.12
Crystal Palace,GK,28,9,8,765,8.5,0,0,0,0,0,0,0,0,0,0,0,0,0,0,0,0,0,0,0,0,0
Crystal Palace,"MF,FW",23,13,6,605,6.7,1,1,1,0,0,1,0,0.15,0.15,0.3,0.15,0.3,0.5,0.5,0.9,1.4,0.08,0.13,0.21,0.08,0.21
Crystal Palace,DF,32,8,6,547,6.1,1,0,1,0,0,2,0,0.16,0,0.16,0.16,0.16,0.6,0.6,0.4,0.9,0.09,0.06,0.15,0.09,0.15
Crystal Palace,MF,24,3,1,118,1.3,0,0,0,0,0,0,0,0,0,0,0,0,0,0,0.1,0.1,0,0.06,0.06,0,0.06
Crystal Palace,"FW,MF",18,2,1,80,0.9,0,0,0,0,0,0,0,0,0,0,0,0,0,0,0,0,0,0,0,0,0
Crystal Palace,DF,20,1,0,9,0.1,0,0,0,0,0,0,0,0,0,0,0,0,0,0,0,0,0,0,0,0,0
Crystal Palace,DF,17,0,0,,,,,,,,,,,,,,,,,,,,,,,
Crystal Palace,MF,19,0,0,,,,,,,,,,,,,,,,,,,,,,,
Crystal Palace,DF,20,0,0,,,,,,,,,,,,,,,,,,,,,,,
Crystal Palace,"DF,MF",31,0,0,,,,,,,,,,,,,,,,,,,,,,,
Crystal Palace,GK,27,0,0,,,,,,,,,,,,,,,,,,,,,,,
Crystal Palace,FW,19,0,0,,,,,,,,,,,,,,,,,,,,,,,
Everton,GK,27,35,35,"3,150",35,0,0,0,0,0,2,0,0,0,0,0,0,0,0,0.1,0.1,0,0,0,0,0
Everton,DF,28,32,31,"2,792",31,3,2,3,0,0,4,1,0.1,0.06,0.16,0.1,0.16,1.2,1.2,0.6,1.8,0.04,0.02,0.06,0.04,0.06
Everton,DF,32,30,30,"2,656",29.5,1,0,1,0,0,4,0,0.03,0,0.03,0.03,0.03,1,1,1.1,2.1,0.03,0.04,0.07,0.03,0.07
Everton,MF,28,30,29,"2,537",28.2,2,4,2,0,0,6,0,0.07,0.14,0.21,0.07,0.21,2.7,2.7,2.2,4.9,0.1,0.08,0.17,0.1,0.17
Everton,"FW,MF",24,30,28,"2,523",28,10,5,7,3,3,9,0,0.36,0.18,0.54,0.25,0.43,10.2,7.9,2.4,10.3,0.36,0.09,0.45,0.28,0.37
Everton,"MF,FW",25,34,28,"2,338",26,5,4,5,0,0,3,0,0.19,0.15,0.35,0.19,0.35,4.5,4.5,4.3,8.8,0.17,0.16,0.34,0.17,0.34
Everton,"MF,FW",20,35,25,"2,285",25.4,4,2,4,0,0,4,0,0.16,0.08,0.24,0.16,0.24,3.4,3.4,3.3,6.7,0.13,0.13,0.26,0.13,0.26
Everton,MF,30,28,25,"2,183",24.3,0,2,0,0,0,7,1,0,0.08,0.08,0,0.08,0.2,0.2,0.9,1.1,0.01,0.04,0.04,0.01,0.04
Everton,DF,24,25,23,"2,134",23.7,2,1,2,0,0,7,1,0.08,0.04,0.13,0.08,0.13,1.1,1.1,0.1,1.1,0.05,0,0.05,0.05,0.05
Everton,DF,23,23,23,"2,029",22.5,0,0,0,0,0,6,0,0,0,0,0,0,1.1,1.1,0.7,1.9,0.05,0.03,0.08,0.05,0.08
Everton,"MF,DF",25,28,22,"2,035",22.6,2,2,2,0,0,1,0,0.09,0.09,0.18,0.09,0.18,1.7,1.7,2.8,4.5,0.07,0.13,0.2,0.07,0.2
Everton,MF,30,21,17,"1,455",16.2,3,2,2,1,1,3,0,0.19,0.12,0.31,0.12,0.25,2.3,1.5,2.4,3.9,0.14,0.15,0.29,0.09,0.24
Everton,FW,24,17,15,"1,283",14.3,5,2,3,2,3,2,0,0.35,0.14,0.49,0.21,0.35,6.8,4.6,1.8,6.4,0.48,0.13,0.61,0.32,0.45
Everton,DF,28,13,13,"1,170",13,0,0,0,0,0,4,0,0,0,0,0,0,0.4,0.4,1.7,2.1,0.03,0.13,0.16,0.03,0.16
Everton,DF,22,13,12,"1,055",11.7,1,0,1,0,0,0,0,0.09,0,0.09,0.09,0.09,0.8,0.8,0.8,1.6,0.07,0.07,0.14,0.07,0.14
Everton,DF,24,15,11,"1,018",11.3,0,1,0,0,0,3,1,0,0.09,0.09,0,0.09,0.3,0.3,0.5,0.9,0.03,0.05,0.08,0.03,0.08
Everton,DF,26,13,11,846,9.4,0,0,0,0,0,3,0,0,0,0,0,0,0.3,0.3,0,0.3,0.03,0,0.03,0.03,0.03
Everton,FW,31,20,8,790,8.8,1,1,1,0,0,3,1,0.11,0.11,0.23,0.11,0.23,2.2,2.2,0.7,2.9,0.25,0.09,0.33,0.25,0.33
Everton,MF,31,11,8,662,7.4,0,0,0,0,0,2,0,0,0,0,0,0,0,0,0.1,0.1,0.01,0.01,0.02,0.01,0.02
Everton,MF,28,14,7,619,6.9,0,1,0,0,0,3,0,0,0.15,0.15,0,0.15,0.7,0.7,0.2,0.9,0.1,0.03,0.13,0.1,0.13
Everton,MF,24,7,5,483,5.4,1,0,1,0,0,1,0,0.19,0,0.19,0.19,0.19,0.9,0.9,0.1,1,0.17,0.01,0.18,0.17,0.18
Everton,DF,19,6,4,388,4.3,1,0,1,0,0,0,1,0.23,0,0.23,0.23,0.23,0.4,0.4,0,0.4,0.1,0,0.1,0.1,0.1
Everton,GK,34,3,3,270,3,0,0,0,0,0,0,0,0,0,0,0,0,0,0,0,0,0,0,0,0,0
Everton,MF,23,6,2,234,2.6,1,0,1,0,0,1,0,0.38,0,0.38,0.38,0.38,0.9,0.9,0,0.9,0.35,0,0.35,0.35,0.35
Everton,MF,25,11,1,338,3.8,0,0,0,0,0,3,0,0,0,0,0,0,0.1,0.1,0.3,0.4,0.02,0.09,0.11,0.02,0.11
Everton,MF,25,3,1,67,0.7,0,0,0,0,0,0,0,0,0,0,0,0,0,0,0,0,0,0,0,0,0
Everton,FW,20,1,1,61,0.7,0,0,0,0,0,0,0,0,0,0,0,0,0,0,0,0,0,0,0,0,0
Everton,"FW,MF",18,3,0,32,0.4,0,0,0,0,0,1,0,0,0,0,0,0,0,0,0,0,0,0,0,0,0
Everton,"MF,FW",18,3,0,28,0.3,0,0,0,0,0,0,0,0,0,0,0,0,0,0,0,0,0.1,0,0.1,0.1,0.1
Everton,MF,17,1,0,14,0.2,0,0,0,0,0,0,0,0,0,0,0,0,0.2,0.2,0,0.2,1.03,0,1.03,1.03,1.03
Everton,FW,26,2,0,13,0.1,0,0,0,0,0,0,0,0,0,0,0,0,0,0,0,0,0,0,0,0,0
Everton,FW,30,1,0,7,0.1,0,0,0,0,0,0,0,0,0,0,0,0,0,0,0,0,0,0,0,0,0
Everton,FW,21,1,0,1,0,0,0,0,0,0,0,0,0,0,0,0,0,0,0,0,0,0,0,0,0,0
Everton,"FW,MF",23,0,0,,,,,,,,,,,,,,,,,,,,,,,
Everton,GK,37,0,0,,,,,,,,,,,,,,,,,,,,,,,
Everton,DF,20,0,0,,,,,,,,,,,,,,,,,,,,,,,
Everton,DF,19,0,0,,,,,,,,,,,,,,,,,,,,,,,
Everton,GK,19,0,0,,,,,,,,,,,,,,,,,,,,,,,
Everton,DF,17,0,0,,,,,,,,,,,,,,,,,,,,,,,
Everton,MF,17,0,0,,,,,,,,,,,,,,,,,,,,,,,
Leeds United,GK,21,38,38,"3,384",37.6,0,0,0,0,0,2,0,0,0,0,0,0,0,0,0,0,0,0,0,0,0
Leeds United,"DF,MF",30,34,34,"2,919",32.4,1,1,1,0,0,5,0,0.03,0.03,0.06,0.03,0.06,2,2,2.4,4.3,0.06,0.07,0.13,0.06,0.13
Leeds United,"FW,MF",24,35,34,"2,915",32.4,11,3,7,4,4,7,0,0.34,0.09,0.43,0.22,0.31,11.2,8.2,6.8,15,0.35,0.21,0.56,0.25,0.46
Leeds United,"FW,MF",24,35,32,"2,639",29.3,8,1,8,0,0,3,0,0.27,0.03,0.31,0.27,0.31,4,4,2.6,6.6,0.14,0.09,0.22,0.14,0.22
Leeds United,"FW,MF",23,32,29,"2,366",26.3,4,4,4,0,0,7,1,0.15,0.15,0.3,0.15,0.3,5.7,5.7,2.4,8.1,0.22,0.09,0.31,0.22,0.31
Leeds United,DF,27,28,28,"2,340",26,3,0,3,0,0,7,0,0.12,0,0.12,0.12,0.12,1.4,1.4,0.1,1.4,0.05,0,0.05,0.05,0.05
Leeds United,"MF,FW",30,31,27,"2,265",25.2,6,1,5,1,1,9,0,0.24,0.04,0.28,0.2,0.24,4.9,4.1,4.6,8.8,0.19,0.18,0.38,0.16,0.35
Leeds United,DF,29,26,26,"2,272",25.2,2,2,2,0,0,4,1,0.08,0.08,0.16,0.08,0.16,1.6,1.6,0.8,2.4,0.06,0.03,0.1,0.06,0.1
Leeds United,MF,31,33,26,"2,073",23,1,2,1,0,0,5,0,0.04,0.09,0.13,0.04,0.13,2.7,2.7,2.2,4.9,0.12,0.09,0.21,0.12,0.21
Leeds United,DF,21,29,22,"2,055",22.8,1,0,1,0,0,6,1,0.04,0,0.04,0.04,0.04,1.3,1.3,0.3,1.6,0.06,0.01,0.07,0.06,0.07
Leeds United,DF,29,21,21,"1,814",20.2,0,1,0,0,0,5,0,0,0.05,0.05,0,0.05,0.3,0.3,0.1,0.4,0.02,0,0.02,0.02,0.02
Leeds United,DF,24,24,19,"1,711",19,0,2,0,0,0,11,0,0,0.11,0.11,0,0.11,0.9,0.9,2.6,3.5,0.05,0.13,0.18,0.05,0.18
Leeds United,MF,25,20,18,"1,596",17.7,0,1,0,0,0,4,0,0,0.06,0.06,0,0.06,0.6,0.6,0.2,0.9,0.04,0.01,0.05,0.04,0.05
Leeds United,"MF,DF",25,20,17,"1,574",17.5,0,0,0,0,0,3,0,0,0,0,0,0,0.7,0.7,0.5,1.3,0.04,0.03,0.07,0.04,0.07
Leeds United,MF,29,22,17,"1,530",17,0,1,0,0,0,5,0,0,0.06,0.06,0,0.06,0.4,0.4,1.1,1.5,0.02,0.07,0.09,0.02,0.09
Leeds United,"MF,FW",22,23,7,987,11,1,1,1,0,0,5,0,0.09,0.09,0.18,0.09,0.18,2.4,2.4,1.2,3.7,0.22,0.11,0.34,0.22,0.34
Leeds United,"DF,MF",21,14,7,709,7.9,0,0,0,0,0,4,0,0,0,0,0,0,0.2,0.2,0,0.2,0.02,0.01,0.03,0.02,0.03
Leeds United,FW,27,9,7,559,6.2,2,2,2,0,0,2,0,0.32,0.32,0.64,0.32,0.64,3.9,3.9,1,4.9,0.63,0.15,0.78,0.63,0.78
Leeds United,"FW,MF",19,20,5,746,8.3,2,2,2,0,0,4,0,0.24,0.24,0.48,0.24,0.48,3.1,3.1,1.5,4.7,0.38,0.19,0.56,0.38,0.56
Leeds United,"MF,FW",19,7,1,237,2.6,0,2,0,0,0,0,0,0,0.76,0.76,0,0.76,0.4,0.4,0.7,1.1,0.14,0.28,0.42,0.14,0.42
Leeds United,MF,18,3,1,146,1.6,0,0,0,0,0,0,0,0,0,0,0,0,0,0,0,0,0.01,0,0.01,0.01,0.01
Leeds United,DF,18,5,1,141,1.6,0,0,0,0,0,1,0,0,0,0,0,0,0.1,0.1,0,0.1,0.05,0,0.05,0.05,0.05
Leeds United,DF,19,3,1,128,1.4,0,0,0,0,0,1,0,0,0,0,0,0,0,0,0,0,0,0.01,0.01,0,0.01
Leeds United,DF,17,2,0,150,1.7,0,0,0,0,0,0,0,0,0,0,0,0,0,0,0,0,0,0.02,0.02,0,0.02
Leeds United,"MF,FW",19,6,0,130,1.4,0,0,0,0,0,0,0,0,0,0,0,0,0.3,0.3,0.1,0.3,0.18,0.03,0.21,0.18,0.21
Leeds United,GK,20,1,0,36,0.4,0,0,0,0,0,0,0,0,0,0,0,0,0,0,0,0,0,0,0,0,0
Leeds United,MF,27,1,0,22,0.2,0,0,0,0,0,0,0,0,0,0,0,0,0,0,0,0,0.11,0,0.11,0.11,0.11
Leeds United,FW,20,1,0,10,0.1,0,0,0,0,0,0,0,0,0,0,0,0,0,0,0,0,0,0,0,0,0
Leeds United,MF,18,1,0,4,0,0,0,0,0,0,0,0,0,0,0,0,0,0,0,0,0,0,0,0,0,0
Leeds United,DF,18,0,0,,0,0,0,0,0,0,1,0,,,,,,,,,,,,,,
Leeds United,MF,15,0,0,,,,,,,,,,,,,,,,,,,,,,,
Leeds United,MF,19,0,0,,,,,,,,,,,,,,,,,,,,,,,
Leeds United,MF,,0,0,,,,,,,,,,,,,,,,,,,,,,,
Leicester City,GK,34,37,37,"3,330",37,0,0,0,0,0,2,0,0,0,0,0,0,0,0,0,0,0,0,0,0,0
Leicester City,MF,24,32,29,"2,631",29.2,6,4,4,2,2,3,0,0.21,0.14,0.34,0.14,0.27,4.6,3.1,4.9,7.9,0.16,0.17,0.32,0.11,0.27
Leicester City,DF,25,28,28,"2,497",27.7,1,0,1,0,0,5,0,0.04,0,0.04,0.04,0.04,1.4,1.4,0.1,1.5,0.05,0,0.05,0.05,0.05
Leicester City,"MF,FW",24,35,28,"2,459",27.3,12,8,12,0,0,3,0,0.44,0.29,0.73,0.44,0.73,8.2,8.2,4.8,13,0.3,0.18,0.48,0.3,0.48
Leicester City,"FW,MF",23,32,24,"2,101",23.3,6,10,6,0,0,2,0,0.26,0.43,0.69,0.26,0.69,6.8,6.8,4,10.8,0.29,0.17,0.46,0.29,0.46
Leicester City,DF,26,28,23,"2,123",23.6,0,0,0,0,0,4,0,0,0,0,0,0,0,0,0.2,0.2,0,0.01,0.01,0,0.01
Leicester City,MF,22,28,23,"2,105",23.4,1,3,1,0,0,4,0,0.04,0.13,0.17,0.04,0.17,1.3,1.3,3,4.3,0.06,0.13,0.18,0.06,0.18
Leicester City,DF,25,27,22,"2,127",23.6,1,0,1,0,0,1,0,0.04,0,0.04,0.04,0.04,0.8,0.8,1.3,2.1,0.03,0.05,0.09,0.03,0.09
Leicester City,DF,20,22,21,"1,912",21.2,0,1,0,0,0,2,0,0,0.05,0.05,0,0.05,0.2,0.2,1.6,1.8,0.01,0.07,0.08,0.01,0.08
Leicester City,FW,34,25,20,"1,806",20.1,15,2,15,0,0,2,0,0.75,0.1,0.85,0.75,0.85,9.5,9.5,1.6,11.1,0.47,0.08,0.55,0.47,0.55
Leicester City,"MF,DF",24,19,18,"1,618",18,0,0,0,0,0,4,0,0,0,0,0,0,1,1,0,1,0.06,0,0.06,0.06,0.06
Leicester City,"FW,MF",23,26,16,"1,453",16.1,6,0,6,0,0,2,0,0.37,0,0.37,0.37,0.37,5.1,5.1,1.9,6.9,0.31,0.12,0.43,0.31,0.43
Leicester City,DF,33,18,16,"1,348",15,1,1,1,0,0,3,0,0.07,0.07,0.13,0.07,0.13,0.7,0.7,0.6,1.3,0.05,0.04,0.09,0.05,0.09
Leicester City,FW,24,26,13,"1,264",14,4,5,4,0,0,1,0,0.28,0.36,0.64,0.28,0.64,3.4,3.4,2.7,6.1,0.25,0.19,0.44,0.25,0.44
Leicester City,FW,22,23,13,"1,159",12.9,5,3,5,0,0,2,0,0.39,0.23,0.62,0.39,0.62,4.7,4.7,1.8,6.5,0.36,0.14,0.51,0.36,0.51
Leicester City,DF,27,14,13,991,11,1,3,1,0,0,3,0,0.09,0.27,0.36,0.09,0.36,0.7,0.7,1.3,2,0.06,0.12,0.18,0.06,0.18
Leicester City,MF,22,19,12,"1,102",12.2,0,1,0,0,0,0,0,0,0.08,0.08,0,0.08,0.4,0.4,0.4,0.8,0.03,0.03,0.06,0.03,0.06
Leicester City,MF,29,14,12,"1,032",11.5,0,0,0,0,0,3,0,0,0,0,0,0,0,0,0,0,0,0,0,0,0
Leicester City,"FW,DF",31,17,11,"1,132",12.6,1,2,1,0,0,3,0,0.08,0.16,0.24,0.08,0.24,0.5,0.5,1.7,2.2,0.04,0.13,0.18,0.04,0.18
Leicester City,DF,23,13,11,998,11.1,0,0,0,0,0,0,0,0,0,0,0,0,0.6,0.6,1,1.6,0.06,0.09,0.14,0.06,0.14
Leicester City,DF,20,7,7,630,7,0,0,0,0,0,2,0,0,0,0,0,0,0.2,0.2,0,0.3,0.03,0,0.04,0.03,0.04
Leicester City,DF,28,10,6,567,6.3,0,0,0,0,0,2,0,0,0,0,0,0,0.1,0.1,0,0.1,0.01,0.01,0.01,0.01,0.01
Leicester City,"MF,FW",28,14,6,445,4.9,2,3,2,0,0,0,1,0.4,0.61,1.01,0.4,1.01,1.5,1.5,0.9,2.4,0.31,0.18,0.49,0.31,0.49
Leicester City,DF,31,4,4,337,3.7,0,0,0,0,0,1,0,0,0,0,0,0,0,0,0.3,0.3,0,0.08,0.08,0,0.08
Leicester City,"DF,MF",23,6,4,285,3.2,0,0,0,0,0,1,0,0,0,0,0,0,0,0,0,0,0.01,0,0.01,0.01,0.01
Leicester City,GK,28,1,1,90,1,0,0,0,0,0,0,0,0,0,0,0,0,0,0,0,0,0,0,0,0,0
Leicester City,MF,20,1,0,24,0.3,0,0,0,0,0,0,0,0,0,0,0,0,0,0,0,0,0,0,0,0,0
Leicester City,FW,19,1,0,3,0,0,0,0,0,0,0,0,0,0,0,0,0,0,0,0,0,0,0,0,0,0
Leicester City,DF,20,0,0,,,,,,,,,,,,,,,,,,,,,,,
Leicester City,GK,36,0,0,,,,,,,,,,,,,,,,,,,,,,,
Leicester City,DF,17,0,0,,,,,,,,,,,,,,,,,,,,,,,
Leicester City,MF,27,0,0,,,,,,,,,,,,,,,,,,,,,,,
Liverpool,GK,28,36,36,"3,240",36,0,1,0,0,0,0,0,0,0.03,0.03,0,0.03,0,0,0.4,0.4,0,0.01,0.01,0,0.01
Liverpool,DF,30,34,34,"3,060",34,3,1,3,0,0,3,0,0.09,0.03,0.12,0.09,0.12,2.4,2.4,0.4,2.8,0.07,0.01,0.08,0.07,0.08
Liverpool,DF,22,32,32,"2,853",31.7,2,12,2,0,0,2,0,0.06,0.38,0.44,0.06,0.44,2.7,2.7,11.2,13.9,0.08,0.35,0.44,0.08,0.44
Liverpool,FW,29,34,32,"2,819",31.3,16,2,16,0,0,5,0,0.51,0.06,0.57,0.51,0.57,16.7,16.7,4.4,21.1,0.53,0.14,0.67,0.53,0.67
Liverpool,DF,29,31,31,"2,790",31,3,3,3,0,0,2,0,0.1,0.1,0.19,0.1,0.19,3.1,3.1,1.2,4.3,0.1,0.04,0.14,0.1,0.14
Liverpool,FW,29,35,30,"2,762",30.7,23,13,18,5,6,1,0,0.75,0.42,1.17,0.59,1.01,21.8,17,10.4,27.4,0.71,0.34,1.05,0.55,0.89
Liverpool,MF,31,35,29,"2,597",28.9,2,5,2,0,0,3,0,0.07,0.17,0.24,0.07,0.24,1.5,1.5,3.8,5.3,0.05,0.13,0.18,0.05,0.18
Liverpool,DF,27,29,29,"2,537",28.2,3,10,3,0,0,5,1,0.11,0.35,0.46,0.11,0.46,1.9,1.9,5.2,7,0.07,0.18,0.25,0.07,0.25
Liverpool,FW,24,35,27,"2,364",26.3,15,4,15,0,0,3,0,0.57,0.15,0.72,0.57,0.72,16.1,16.1,5.5,21.6,0.61,0.21,0.82,0.61,0.82
Liverpool,MF,27,29,26,"2,314",25.7,5,1,3,2,2,7,0,0.19,0.04,0.23,0.12,0.16,3.4,1.9,1.4,3.3,0.13,0.05,0.19,0.07,0.13
Liverpool,MF,30,25,17,"1,534",17,1,4,1,0,0,2,0,0.06,0.23,0.29,0.06,0.29,1.8,1.8,2.3,4.2,0.11,0.14,0.25,0.11,0.25
Liverpool,MF,26,23,14,"1,173",13,3,1,3,0,0,3,0,0.23,0.08,0.31,0.23,0.31,2.3,2.3,1.6,3.9,0.18,0.12,0.3,0.18,0.3
Liverpool,DF,22,11,11,990,11,0,0,0,0,0,2,0,0,0,0,0,0,0.3,0.3,0.1,0.4,0.02,0.01,0.03,0.02,0.03
Liverpool,FW,24,13,11,958,10.6,4,3,4,0,0,0,0,0.38,0.28,0.66,0.38,0.66,4.5,4.5,1.8,6.3,0.42,0.17,0.59,0.42,0.59
Liverpool,FW,29,20,10,990,11,5,4,5,0,0,3,0,0.45,0.36,0.82,0.45,0.82,5,5,2.4,7.4,0.46,0.22,0.67,0.46,0.67
Liverpool,MF,20,15,10,851,9.5,1,1,1,0,0,0,0,0.11,0.11,0.21,0.11,0.21,0.9,0.9,0.6,1.6,0.1,0.07,0.16,0.1,0.16
Liverpool,DF,25,13,9,877,9.7,0,2,0,0,0,3,0,0,0.21,0.21,0,0.21,0.5,0.5,2.6,3.1,0.06,0.26,0.32,0.06,0.32
Liverpool,"MF,DF",35,24,9,853,9.5,0,1,0,0,0,2,0,0,0.11,0.11,0,0.11,0.3,0.3,2.2,2.4,0.03,0.23,0.26,0.03,0.26
Liverpool,"MF,FW",27,17,9,785,8.7,2,1,2,0,0,0,0,0.23,0.11,0.34,0.23,0.34,1.2,1.2,0.9,2.1,0.14,0.11,0.24,0.14,0.24
Liverpool,MF,18,6,4,346,3.8,0,0,0,0,0,0,0,0,0,0,0,0,0.9,0.9,0.5,1.4,0.23,0.12,0.35,0.23,0.35
Liverpool,DF,24,8,4,331,3.7,0,1,0,0,0,2,0,0,0.27,0.27,0,0.27,0,0,0.5,0.5,0,0.13,0.13,0,0.13
Liverpool,GK,22,2,2,180,2,0,0,0,0,0,0,0,0,0,0,0,0,0,0,0,0,0,0,0,0,0
Liverpool,"FW,MF",26,11,1,186,2.1,3,0,3,0,0,1,0,1.45,0,1.45,1.45,1.45,1.8,1.8,0.5,2.3,0.88,0.25,1.13,0.88,1.13
Liverpool,MF,18,2,1,66,0.7,0,0,0,0,0,1,0,0,0,0,0,0,0,0,0,0,0,0,0,0,0
Liverpool,FW,26,7,0,133,1.5,3,0,3,0,0,0,0,2.03,0,2.03,2.03,2.03,1.6,1.6,0,1.6,1.08,0,1.08,1.08,1.08
Liverpool,FW,16,1,0,9,0.1,0,0,0,0,0,0,0,0,0,0,0,0,0.4,0.4,0,0.4,4.48,0,4.48,4.48,4.48
Liverpool,DF,20,1,0,8,0.1,0,1,0,0,0,0,0,0,11.25,11.25,0,11.25,0,0,0.6,0.6,0,6.5,6.5,0,6.5
Liverpool,GK,34,0,0,,,,,,,,,,,,,,,,,,,,,,,
Liverpool,DF,18,0,0,,,,,,,,,,,,,,,,,,,,,,,
Liverpool,DF,18,0,0,,,,,,,,,,,,,,,,,,,,,,,
Liverpool,DF,24,0,0,,,,,,,,,,,,,,,,,,,,,,,
Liverpool,GK,18,0,0,,,,,,,,,,,,,,,,,,,,,,,
Liverpool,DF,18,0,0,,,,,,,,,,,,,,,,,,,,,,,
Liverpool,DF,20,0,0,,,,,,,,,,,,,,,,,,,,,,,
Liverpool,"FW,MF",21,0,0,,,,,,,,,,,,,,,,,,,,,,,
Manchester City,GK,27,37,37,"3,330",37,0,0,0,0,0,3,0,0,0,0,0,0,0,0,0.1,0.1,0,0,0,0,0
Manchester City,DF,27,36,36,"3,227",35.9,1,7,1,0,0,7,0,0.03,0.2,0.22,0.03,0.22,4.1,4.1,5.1,9.3,0.12,0.14,0.26,0.12,0.26
Manchester City,MF,25,33,33,"2,884",32,7,2,7,0,0,5,0,0.22,0.06,0.28,0.22,0.28,2.7,2.7,1.4,4.1,0.08,0.04,0.13,0.08,0.13
Manchester City,"MF,FW",26,35,33,"2,857",31.7,8,4,8,0,0,6,0,0.25,0.13,0.38,0.25,0.38,6.8,6.8,5.2,12,0.21,0.16,0.38,0.21,0.38
Manchester City,DF,27,33,33,"2,828",31.4,4,0,4,0,0,5,1,0.13,0,0.13,0.13,0.13,4.4,4.4,0.5,4.9,0.14,0.02,0.16,0.14,0.16
Manchester City,DF,24,29,27,"2,402",26.7,2,4,2,0,0,5,0,0.07,0.15,0.22,0.07,0.22,2.2,2.2,2.4,4.6,0.08,0.09,0.17,0.08,0.17
Manchester City,MF,30,30,25,"2,201",24.5,15,8,15,0,0,2,0,0.61,0.33,0.94,0.61,0.94,6.4,6.4,9.5,15.9,0.26,0.39,0.65,0.26,0.65
Manchester City,FW,21,28,24,"2,128",23.6,9,5,9,0,0,1,0,0.38,0.21,0.59,0.38,0.59,9.1,9.1,6.6,15.7,0.38,0.28,0.66,0.38,0.66
Manchester City,FW,26,30,23,"2,128",23.6,13,5,11,2,3,1,0,0.55,0.21,0.76,0.47,0.68,14.4,12,4.6,16.6,0.61,0.2,0.81,0.51,0.7
Manchester City,FW,25,26,22,"1,914",21.3,3,3,3,0,0,3,0,0.14,0.14,0.28,0.14,0.28,4.8,4.8,6.3,11.1,0.22,0.3,0.52,0.22,0.52
Manchester City,FW,24,28,21,"1,877",20.9,8,8,7,1,1,1,0,0.38,0.38,0.77,0.34,0.72,10.1,9.4,5.4,14.7,0.49,0.26,0.74,0.45,0.71
Manchester City,MF,30,27,20,"1,857",20.6,8,4,8,0,0,1,0,0.39,0.19,0.58,0.39,0.58,8.6,8.6,4.2,12.8,0.42,0.2,0.62,0.42,0.62
Manchester City,DF,31,20,20,"1,755",19.5,0,2,0,0,0,1,0,0,0.1,0.1,0,0.1,0.3,0.3,1.2,1.4,0.01,0.06,0.07,0.01,0.07
Manchester City,FW,30,28,15,"1,498",16.6,11,5,7,4,5,0,0,0.66,0.3,0.96,0.42,0.72,10.1,6.3,3.7,10,0.61,0.22,0.83,0.38,0.6
Manchester City,DF,27,14,12,"1,119",12.4,1,0,1,0,0,0,0,0.08,0,0.08,0.08,0.08,1,1,0.1,1.1,0.08,0.01,0.09,0.08,0.09
Manchester City,DF,24,15,10,"1,047",11.6,0,4,0,0,0,0,0,0,0.34,0.34,0,0.34,0.4,0.4,2,2.5,0.04,0.18,0.21,0.04,0.21
Manchester City,"MF,DF",36,19,10,964,10.7,2,1,2,0,0,1,0,0.19,0.09,0.28,0.19,0.28,1.6,1.6,0.9,2.5,0.15,0.08,0.24,0.15,0.24
Manchester City,DF,26,14,10,923,10.3,2,0,2,0,0,0,0,0.2,0,0.2,0.2,0.2,1.1,1.1,0.5,1.6,0.11,0.05,0.16,0.11,0.16
Manchester City,FW,21,4,4,303,3.4,2,1,2,0,0,0,0,0.59,0.3,0.89,0.59,0.89,2.5,2.5,0,2.5,0.74,0.01,0.75,0.74,0.75
Manchester City,"FW,MF",19,4,1,123,1.4,0,0,0,0,0,0,0,0,0,0,0,0,0.3,0.3,0.2,0.5,0.23,0.17,0.39,0.23,0.39
Manchester City,GK,26,1,1,90,1,0,0,0,0,0,0,0,0,0,0,0,0,0,0,0,0,0,0,0,0,0
Manchester City,DF,27,1,1,78,0.9,0,0,0,0,0,0,0,0,0,0,0,0,0,0,0.3,0.3,0,0.3,0.3,0,0.3
Manchester City,"MF,FW",18,2,0,20,0.2,0,0,0,0,0,0,0,0,0,0,0,0,0,0,0,0,0.19,0,0.19,0.19,0.19
Manchester City,FW,18,1,0,10,0.1,0,0,0,0,0,0,0,0,0,0,0,0,0,0,0,0,0,0,0,0,0
Manchester City,FW,18,1,0,7,0.1,0,0,0,0,0,0,0,0,0,0,0,0,0,0,0,0,0,0,0,0,0
Manchester City,DF,18,1,0,4,0,0,0,0,0,0,0,0,0,0,0,0,0,0,0,0,0,0,0,0,0,0
Manchester City,GK,35,0,0,,,,,,,,,,,,,,,,,,,,,,,
Manchester City,MF,19,0,0,,,,,,,,,,,,,,,,,,,,,,,
Manchester City,FW,18,0,0,,,,,,,,,,,,,,,,,,,,,,,
Manchester City,MF,17,0,0,,,,,,,,,,,,,,,,,,,,,,,
Manchester City,DF,20,0,0,,,,,,,,,,,,,,,,,,,,,,,
Manchester City,GK,18,0,0,,,,,,,,,,,,,,,,,,,,,,,
Manchester City,DF,18,0,0,,,,,,,,,,,,,,,,,,,,,,,
Manchester United,GK,30,38,38,"3,420",38,0,0,0,0,0,0,0,0,0,0,0,0,0,0,0,0,0,0,0,0,0
Manchester United,MF,26,36,35,"3,111",34.6,10,6,10,0,2,10,0,0.29,0.17,0.46,0.29,0.46,9.7,8.2,8.4,16.6,0.28,0.24,0.53,0.24,0.48
Manchester United,DF,28,30,28,"2,515",27.9,1,0,1,0,0,9,1,0.04,0,0.04,0.04,0.04,1.7,1.7,0.2,1.9,0.06,0.01,0.07,0.06,0.07
Manchester United,MF,24,30,28,"2,387",26.5,1,1,1,0,0,9,0,0.04,0.04,0.08,0.04,0.08,1.5,1.5,1.8,3.3,0.06,0.07,0.12,0.06,0.12
Manchester United,FW,36,30,27,"2,456",27.3,18,3,15,3,3,8,0,0.66,0.11,0.77,0.55,0.66,16.5,14.2,3.1,17.3,0.61,0.11,0.72,0.52,0.64
Manchester United,DF,27,28,26,"2,355",26.2,0,2,0,0,0,4,0,0,0.08,0.08,0,0.08,0.3,0.3,0.5,0.8,0.01,0.02,0.03,0.01,0.03
Manchester United,MF,28,28,24,"2,028",22.5,4,4,4,0,0,5,0,0.18,0.18,0.36,0.18,0.36,1.5,1.5,2,3.4,0.07,0.09,0.15,0.07,0.15
Manchester United,"FW,MF",21,29,20,"1,900",21.1,3,3,3,0,0,0,0,0.14,0.14,0.28,0.14,0.28,3.3,3.3,4.2,7.5,0.16,0.2,0.36,0.16,0.36
Manchester United,DF,28,22,20,"1,831",20.3,1,1,1,0,0,0,0,0.05,0.05,0.1,0.05,0.1,0.8,0.8,0.2,1,0.04,0.01,0.05,0.04,0.05
Manchester United,DF,23,20,20,"1,793",19.9,0,0,0,0,0,2,0,0,0,0,0,0,0.2,0.2,0.9,1.1,0.01,0.05,0.06,0.01,0.06
Manchester United,DF,22,24,19,"1,801",20,0,0,0,0,0,4,0,0,0,0,0,0,0.7,0.7,1,1.7,0.03,0.05,0.08,0.03,0.08
Manchester United,DF,26,20,19,"1,601",17.8,0,3,0,0,0,8,0,0,0.17,0.17,0,0.17,0.2,0.2,3.2,3.4,0.01,0.18,0.19,0.01,0.19
Manchester United,DF,28,21,18,"1,660",18.4,0,4,0,0,0,1,0,0,0.22,0.22,0,0.22,0.5,0.5,2,2.4,0.03,0.11,0.13,0.03,0.13
Manchester United,MF,32,23,16,"1,382",15.4,0,4,0,0,0,3,0,0,0.26,0.26,0,0.26,0.2,0.2,1.8,1.9,0.01,0.12,0.13,0.01,0.13
Manchester United,"MF,FW",28,20,16,"1,349",15,1,9,1,0,0,7,1,0.07,0.6,0.67,0.07,0.67,2.4,2.4,3.5,6,0.16,0.24,0.4,0.16,0.4
Manchester United,"FW,MF",19,18,16,"1,271",14.1,5,1,5,0,0,1,0,0.35,0.07,0.42,0.35,0.42,4.4,4.4,1.6,6,0.31,0.11,0.42,0.31,0.42
Manchester United,FW,19,21,14,"1,214",13.5,2,2,2,0,0,0,0,0.15,0.15,0.3,0.15,0.3,3,3,1.8,4.8,0.22,0.14,0.35,0.22,0.35
Manchester United,"FW,MF",23,25,13,"1,235",13.7,4,2,4,0,0,2,0,0.29,0.15,0.44,0.29,0.44,2.4,2.4,2,4.4,0.18,0.14,0.32,0.18,0.32
Manchester United,FW,34,15,7,766,8.5,2,1,2,0,0,0,0,0.23,0.12,0.35,0.23,0.35,3.4,3.4,1.4,4.7,0.39,0.16,0.55,0.39,0.55
Manchester United,DF,27,4,3,217,2.4,0,0,0,0,0,1,0,0,0,0,0,0,0,0,0,0,0,0,0,0,0
Manchester United,"FW,MF",28,16,2,367,4.1,2,0,2,0,0,1,0,0.49,0,0.49,0.49,0.49,0.7,0.7,0.4,1.1,0.17,0.1,0.26,0.17,0.26
Manchester United,MF,33,7,2,235,2.6,0,0,0,0,0,0,0,0,0,0,0,0,0.3,0.3,0.2,0.5,0.11,0.06,0.17,0.11,0.17
Manchester United,FW,25,8,2,212,2.4,1,0,1,0,0,0,0,0.42,0,0.42,0.42,0.42,0.4,0.4,0.1,0.6,0.19,0.06,0.25,0.19,0.25
Manchester United,DF,29,4,2,163,1.8,0,0,0,0,0,0,0,0,0,0,0,0,0,0,0,0,0,0.01,0.01,0,0.01
Manchester United,FW,23,2,2,126,1.4,0,0,0,0,0,0,0,0,0,0,0,0,0.2,0.2,0,0.3,0.17,0.01,0.19,0.17,0.19
Manchester United,FW,18,2,1,68,0.8,0,0,0,0,0,2,0,0,0,0,0,0,0.1,0.1,0,0.1,0.12,0,0.12,0.12,0.12
Manchester United,MF,24,8,0,75,0.8,1,0,1,0,0,0,0,1.2,0,1.2,1.2,1.2,0.7,0.7,0.5,1.2,0.88,0.58,1.46,0.88,1.46
Manchester United,FW,17,1,0,16,0.2,0,0,0,0,0,0,0,0,0,0,0,0,0,0,0,0,0,0,0,0,0
Manchester United,FW,17,2,0,13,0.1,0,0,0,0,0,0,0,0,0,0,0,0,0,0,0,0,0,0,0,0,0
Manchester United,FW,19,0,0,,,,,,,,,,,,,,,,,,,,,,,
Manchester United,DF,18,0,0,,,,,,,,,,,,,,,,,,,,,,,
Manchester United,GK,35,0,0,,,,,,,,,,,,,,,,,,,,,,,
Manchester United,GK,24,0,0,,,,,,,,,,,,,,,,,,,,,,,
Manchester United,MF,25,0,0,,,,,,,,,,,,,,,,,,,,,,,
Manchester United,MF,18,0,0,,,,,,,,,,,,,,,,,,,,,,,
Manchester United,DF,20,0,0,,,,,,,,,,,,,,,,,,,,,,,
Newcastle United,"FW,MF",24,35,31,"2,804",31.2,5,5,5,0,0,6,0,0.16,0.16,0.32,0.16,0.32,5.1,5.1,5.8,10.9,0.16,0.19,0.35,0.16,0.35
Newcastle United,"MF,FW",24,35,30,"2,558",28.4,4,1,4,0,0,8,0,0.14,0.04,0.18,0.14,0.18,4.1,4.1,1.8,6,0.15,0.06,0.21,0.15,0.21
Newcastle United,GK,32,26,26,"2,340",26,0,0,0,0,0,1,0,0,0,0,0,0,0,0,0.1,0.1,0,0,0,0,0
Newcastle United,DF,29,25,25,"2,158",24,2,2,2,0,0,4,0,0.08,0.08,0.17,0.08,0.17,1.3,1.3,0.6,2,0.06,0.03,0.08,0.06,0.08
Newcastle United,MF,21,29,24,"2,038",22.6,2,0,2,0,0,0,0,0.09,0,0.09,0.09,0.09,3.6,3.6,1.2,4.8,0.16,0.05,0.21,0.16,0.21
Newcastle United,DF,27,26,22,"2,058",22.9,1,0,1,0,0,5,0,0.04,0,0.04,0.04,0.04,1.1,1.1,0.3,1.3,0.05,0.01,0.06,0.05,0.06
Newcastle United,MF,29,24,22,"1,983",22,2,1,2,0,0,7,1,0.09,0.05,0.14,0.09,0.14,0.9,0.9,0.8,1.7,0.04,0.04,0.08,0.04,0.08
Newcastle United,"MF,FW",27,30,19,"1,716",19.1,1,0,1,0,0,2,0,0.05,0,0.05,0.05,0.05,2.1,2.1,0.7,2.7,0.11,0.03,0.14,0.11,0.14
Newcastle United,DF,26,20,18,"1,634",18.2,0,1,0,0,0,5,0,0,0.06,0.06,0,0.06,0.2,0.2,0.8,1,0.01,0.04,0.06,0.01,0.06
Newcastle United,"FW,MF",27,27,18,"1,465",16.3,2,3,2,0,0,3,0,0.12,0.18,0.31,0.12,0.31,2.8,2.8,2.2,5.1,0.17,0.14,0.31,0.17,0.31
Newcastle United,DF,29,16,16,"1,440",16,0,1,0,0,0,4,0,0,0.06,0.06,0,0.06,0.5,0.5,0.1,0.6,0.03,0.01,0.04,0.03,0.04
Newcastle United,DF,25,16,16,"1,440",16,0,0,0,0,0,1,0,0,0,0,0,0,0.3,0.3,1.6,1.9,0.02,0.1,0.12,0.02,0.12
Newcastle United,FW,29,18,16,"1,386",15.4,8,0,6,2,2,4,0,0.52,0,0.52,0.39,0.39,6.5,5,0.6,5.5,0.42,0.04,0.46,0.32,0.36
Newcastle United,MF,23,24,15,"1,464",16.3,1,1,1,0,0,1,0,0.06,0.06,0.12,0.06,0.12,1.2,1.2,0.7,1.9,0.07,0.04,0.12,0.07,0.12
Newcastle United,FW,29,17,15,"1,327",14.7,2,0,1,1,1,0,0,0.14,0,0.14,0.07,0.07,2.9,2.1,1,3.1,0.19,0.07,0.26,0.14,0.21
Newcastle United,DF,27,19,15,"1,257",14,1,2,1,0,0,5,0,0.07,0.14,0.21,0.07,0.21,0.5,0.5,0.3,0.8,0.03,0.02,0.06,0.03,0.06
Newcastle United,DF,31,18,14,"1,337",14.9,0,2,0,0,0,5,0,0,0.13,0.13,0,0.13,0.4,0.4,1.6,2.1,0.03,0.11,0.14,0.03,0.14
Newcastle United,"FW,DF",26,33,13,"1,473",16.4,1,2,1,0,0,4,0,0.06,0.12,0.18,0.06,0.18,2.9,2.9,2.1,5,0.18,0.13,0.31,0.18,0.31
Newcastle United,DF,31,13,12,"1,014",11.3,0,1,0,0,0,2,1,0,0.09,0.09,0,0.09,0.8,0.8,0.3,1.1,0.07,0.03,0.1,0.07,0.1
Newcastle United,"MF,DF",26,14,12,"1,002",11.1,1,0,1,0,0,5,0,0.09,0,0.09,0.09,0.09,0.4,0.4,0.1,0.5,0.04,0.01,0.05,0.04,0.05
Newcastle United,MF,23,17,11,"1,034",11.5,5,1,5,0,0,4,0,0.44,0.09,0.52,0.44,0.52,2.9,2.9,1.8,4.7,0.25,0.16,0.41,0.25,0.41
Newcastle United,GK,30,8,8,720,8,0,0,0,0,0,1,0,0,0,0,0,0,0,0,0,0,0,0,0,0,0
Newcastle United,DF,32,7,5,523,5.8,0,0,0,0,0,0,0,0,0,0,0,0,0.4,0.4,0.3,0.8,0.07,0.06,0.13,0.07,0.13
Newcastle United,DF,30,6,5,429,4.8,2,0,2,0,0,0,0,0.42,0,0.42,0.42,0.42,0.1,0.1,0.4,0.6,0.03,0.09,0.12,0.03,0.12
Newcastle United,GK,24,4,4,360,4,0,0,0,0,0,0,0,0,0,0,0,0,0,0,0,0,0,0,0,0,0
Newcastle United,DF,23,5,4,262,2.9,0,0,0,0,0,1,0,0,0,0,0,0,0,0,0,0,0,0.01,0.01,0,0.01
Newcastle United,DF,29,3,2,198,2.2,0,0,0,0,0,2,0,0,0,0,0,0,0,0,0,0,0,0,0,0,0
Newcastle United,MF,29,3,0,72,0.8,1,0,1,0,0,0,0,1.25,0,1.25,1.25,1.25,0,0,0,0.1,0.04,0.06,0.1,0.04,0.1
Newcastle United,FW,30,8,0,38,0.4,0,0,0,0,0,1,0,0,0,0,0,0,0.3,0.3,0.5,0.8,0.71,1.19,1.89,0.71,1.89
Newcastle United,MF,18,0,0,,,,,,,,,,,,,,,,,,,,,,,
Newcastle United,MF,18,0,0,,,,,,,,,,,,,,,,,,,,,,,
Newcastle United,GK,29,0,0,,,,,,,,,,,,,,,,,,,,,,,
Newcastle United,MF,18,0,0,,,,,,,,,,,,,,,,,,,,,,,
Norwich City,FW,31,37,37,"3,253",36.1,11,3,8,3,3,4,0,0.3,0.08,0.39,0.22,0.3,11.5,9.2,2.8,12,0.32,0.08,0.4,0.26,0.33
Norwich City,DF,29,33,33,"2,897",32.2,1,0,1,0,0,2,0,0.03,0,0.03,0.03,0.03,1.9,1.9,0.3,2.1,0.06,0.01,0.07,0.06,0.07
Norwich City,DF,21,34,32,"2,881",32,0,2,0,0,0,8,0,0,0.06,0.06,0,0.06,0.7,0.7,1.4,2.1,0.02,0.04,0.07,0.02,0.07
Norwich City,MF,29,31,29,"2,706",30.1,1,0,1,0,0,3,0,0.03,0,0.03,0.03,0.03,1.9,1.9,0.7,2.6,0.06,0.02,0.09,0.06,0.09
Norwich City,GK,33,29,29,"2,610",29,0,0,0,0,0,1,0,0,0,0,0,0,0,0,0.4,0.4,0,0.01,0.01,0,0.01
Norwich City,DF,28,28,28,"2,494",27.7,0,0,0,0,0,5,1,0,0,0,0,0,1.2,1.2,0,1.2,0.04,0,0.04,0.04,0.04
Norwich City,MF,28,33,27,"2,265",25.2,1,0,1,0,0,5,0,0.04,0,0.04,0.04,0.04,1.6,1.6,1.8,3.4,0.06,0.07,0.14,0.06,0.14
Norwich City,"FW,MF",25,31,25,"2,229",24.8,1,2,1,0,0,0,0,0.04,0.08,0.12,0.04,0.12,2.7,2.7,2.6,5.3,0.11,0.1,0.21,0.11,0.21
Norwich City,DF,20,26,23,"2,120",23.6,0,1,0,0,0,8,0,0,0.04,0.04,0,0.04,0.2,0.2,1.3,1.5,0.01,0.05,0.06,0.01,0.06
Norwich City,MF,20,24,21,"1,855",20.6,0,1,0,0,0,2,0,0,0.05,0.05,0,0.05,1,1,2,3,0.05,0.1,0.14,0.05,0.14
Norwich City,MF,25,23,20,"1,645",18.3,1,2,1,0,0,6,0,0.05,0.11,0.16,0.05,0.16,0.9,0.9,1.8,2.8,0.05,0.1,0.15,0.05,0.15
Norwich City,"FW,MF",21,26,18,"1,572",17.5,2,1,2,0,0,1,0,0.11,0.06,0.17,0.11,0.17,2.7,2.7,0.7,3.5,0.16,0.04,0.2,0.16,0.2
Norwich City,DF,25,18,14,"1,169",13,0,1,0,0,0,2,0,0,0.08,0.08,0,0.08,0.2,0.2,0.5,0.6,0.01,0.04,0.05,0.01,0.05
Norwich City,DF,27,15,11,"1,027",11.4,0,0,0,0,0,3,0,0,0,0,0,0,0.9,0.9,0.2,1.1,0.08,0.02,0.1,0.08,0.1
Norwich City,DF,21,11,11,922,10.2,0,0,0,0,0,2,0,0,0,0,0,0,0.2,0.2,0,0.2,0.02,0,0.02,0.02,0.02
Norwich City,"FW,MF",23,19,11,912,10.1,1,1,1,0,0,0,0,0.1,0.1,0.2,0.1,0.2,1.2,1.2,2,3.2,0.12,0.2,0.31,0.12,0.31
Norwich City,GK,25,9,9,810,9,0,0,0,0,0,0,0,0,0,0,0,0,0,0,0,0,0,0,0,0,0
Norwich City,MF,30,19,7,769,8.5,0,0,0,0,0,0,0,0,0,0,0,0,0.7,0.7,1.2,1.9,0.08,0.14,0.22,0.08,0.22
Norwich City,"FW,MF",20,17,6,625,6.9,1,1,1,0,0,0,0,0.14,0.14,0.29,0.14,0.29,2,2,0.6,2.6,0.28,0.09,0.37,0.28,0.37
Norwich City,"MF,DF",23,10,6,604,6.7,0,0,0,0,0,0,0,0,0,0,0,0,0.4,0.4,0,0.4,0.06,0,0.06,0.06,0.06
Norwich City,"FW,MF",23,12,6,504,5.6,0,0,0,0,0,1,0,0,0,0,0,0,0.5,0.5,0.7,1.3,0.1,0.13,0.23,0.1,0.23
Norwich City,"FW,MF",23,8,5,441,4.9,0,0,0,0,0,2,0,0,0,0,0,0,0.2,0.2,0.2,0.4,0.03,0.04,0.07,0.03,0.07
Norwich City,DF,19,5,4,382,4.2,1,0,1,0,0,1,0,0.24,0,0.24,0.24,0.24,0.3,0.3,0,0.3,0.08,0,0.08,0.08,0.08
Norwich City,"FW,MF",19,14,3,336,3.7,0,0,0,0,0,0,0,0,0,0,0,0,0.5,0.5,1,1.4,0.13,0.26,0.38,0.13,0.38
Norwich City,DF,28,3,2,157,1.7,0,0,0,0,0,0,0,0,0,0,0,0,0.1,0.1,0,0.1,0.04,0,0.04,0.04,0.04
Norwich City,"FW,MF",18,3,1,141,1.6,0,0,0,0,0,1,0,0,0,0,0,0,0.3,0.3,0.4,0.6,0.17,0.22,0.4,0.17,0.4
Norwich City,"FW,MF",18,13,0,223,2.5,0,1,0,0,0,0,0,0,0.4,0.4,0,0.4,0.4,0.4,0.3,0.7,0.16,0.14,0.3,0.16,0.3
Norwich City,DF,19,1,0,45,0.5,0,0,0,0,0,0,0,0,0,0,0,0,0,0,0,0,0,0,0,0,0
Norwich City,FW,18,0,0,,,,,,,,,,,,,,,,,,,,,,,
Norwich City,MF,18,0,0,,,,,,,,,,,,,,,,,,,,,,,
Norwich City,DF,18,0,0,,,,,,,,,,,,,,,,,,,,,,,
Norwich City,GK,21,0,0,,,,,,,,,,,,,,,,,,,,,,,
Norwich City,GK,37,0,0,,,,,,,,,,,,,,,,,,,,,,,
Norwich City,DF,19,0,0,,,,,,,,,,,,,,,,,,,,,,,
Southampton,MF,26,36,36,"3,215",35.7,10,5,6,4,4,3,1,0.28,0.14,0.42,0.17,0.31,5.4,2.3,6.2,8.5,0.15,0.17,0.32,0.07,0.24
Southampton,MF,29,36,34,"2,889",32.1,2,2,2,0,0,9,0,0.06,0.06,0.12,0.06,0.12,1.3,1.3,2.8,4.1,0.04,0.09,0.13,0.04,0.13
Southampton,DF,22,34,33,"2,972",33,0,0,0,0,0,10,1,0,0,0,0,0,1.8,1.8,0.5,2.3,0.06,0.02,0.07,0.06,0.07
Southampton,DF,25,31,30,"2,629",29.2,4,0,4,0,0,10,0,0.14,0,0.14,0.14,0.14,2.4,2.4,0.6,3,0.08,0.02,0.1,0.08,0.1
Southampton,DF,24,32,29,"2,633",29.3,1,2,1,0,0,5,0,0.03,0.07,0.1,0.03,0.1,1,1,2.9,3.8,0.03,0.1,0.13,0.03,0.13
Southampton,DF,18,28,25,"2,202",24.5,1,1,1,0,0,2,0,0.04,0.04,0.08,0.04,0.08,1.2,1.2,2.3,3.4,0.05,0.09,0.14,0.05,0.14
Southampton,"MF,FW",26,30,23,"2,042",22.7,4,2,4,0,0,4,0,0.18,0.09,0.26,0.18,0.26,6,6,2.5,8.5,0.26,0.11,0.37,0.26,0.37
Southampton,FW,25,30,23,"2,039",22.7,7,3,7,0,0,0,0,0.31,0.13,0.44,0.31,0.44,7.1,7.1,2.6,9.7,0.31,0.12,0.43,0.31,0.43
Southampton,FW,19,32,21,"1,975",21.9,6,0,6,0,0,2,0,0.27,0,0.27,0.27,0.27,7,7,1.3,8.4,0.32,0.06,0.38,0.32,0.38
Southampton,"MF,FW",27,27,20,"1,833",20.4,1,5,1,0,0,0,0,0.05,0.25,0.29,0.05,0.29,1.9,1.9,4.3,6.3,0.09,0.21,0.31,0.09,0.31
Southampton,GK,33,19,19,"1,710",19,0,0,0,0,0,1,0,0,0,0,0,0,0,0,0,0,0,0,0,0,0
Southampton,DF,23,20,18,"1,623",18,0,1,0,0,0,3,0,0,0.06,0.06,0,0.06,0.9,0.9,0.6,1.5,0.05,0.03,0.08,0.05,0.08
Southampton,GK,31,17,17,"1,530",17,0,0,0,0,0,1,0,0,0,0,0,0,0,0,0,0,0,0,0,0,0
Southampton,FW,24,23,17,"1,413",15.7,2,2,2,0,0,1,0,0.13,0.13,0.25,0.13,0.25,4.3,4.3,1.7,6,0.27,0.11,0.38,0.27,0.38
Southampton,MF,29,25,15,"1,473",16.4,2,0,2,0,0,1,0,0.12,0,0.12,0.12,0.12,2.8,2.8,1.4,4.1,0.17,0.08,0.25,0.17,0.25
Southampton,MF,22,23,10,"1,023",11.4,0,2,0,0,0,1,0,0,0.18,0.18,0,0.18,0.5,0.5,1,1.4,0.04,0.09,0.13,0.04,0.13
Southampton,"MF,FW",22,14,10,804,8.9,0,1,0,0,0,2,0,0,0.11,0.11,0,0.11,0.5,0.5,0.7,1.3,0.06,0.08,0.14,0.06,0.14
Southampton,DF,24,15,9,911,10.1,0,0,0,0,0,2,0,0,0,0,0,0,0.2,0.2,0.1,0.4,0.02,0.01,0.04,0.02,0.04
Southampton,DF,27,11,9,811,9,0,0,0,0,0,3,0,0,0,0,0,0,0,0,0.3,0.3,0,0.03,0.03,0,0.03
Southampton,MF,23,12,5,457,5.1,0,0,0,0,0,3,0,0,0,0,0,0,1.5,1.5,0.2,1.7,0.3,0.05,0.34,0.3,0.34
Southampton,"MF,FW",32,9,5,379,4.2,0,0,0,0,0,0,0,0,0,0,0,0,0.7,0.7,0,0.7,0.17,0.01,0.18,0.17,0.18
Southampton,DF,22,5,3,370,4.1,0,0,0,0,0,0,0,0,0,0,0,0,0,0,0.1,0.1,0.01,0.02,0.03,0.01,0.03
Southampton,FW,34,13,3,308,3.4,1,0,1,0,0,1,0,0.29,0,0.29,0.29,0.29,1,1,0.1,1.1,0.29,0.03,0.32,0.29,0.32
Southampton,GK,39,2,2,180,2,0,0,0,0,0,1,0,0,0,0,0,0,0,0,0,0,0,0,0,0,0
Southampton,"MF,FW",21,4,2,133,1.5,0,0,0,0,0,0,0,0,0,0,0,0,0.1,0.1,0.1,0.2,0.05,0.06,0.12,0.05,0.12
Southampton,MF,18,0,0,,,,,,,,,,,,,,,,,,,,,,,
Southampton,MF,,0,0,,,,,,,,,,,,,,,,,,,,,,,
Southampton,GK,23,0,0,,,,,,,,,,,,,,,,,,,,,,,
Southampton,DF,19,0,0,,,,,,,,,,,,,,,,,,,,,,,
Southampton,DF,16,0,0,,,,,,,,,,,,,,,,,,,,,,,
Tottenham Hotspur,GK,34,38,38,"3,420",38,0,0,0,0,0,2,0,0,0,0,0,0,0,0,0.5,0.5,0,0.01,0.01,0,0.01
Tottenham Hotspur,FW,28,37,36,"3,232",35.9,17,9,13,4,4,5,0,0.47,0.25,0.72,0.36,0.61,20.1,17.1,9,26.1,0.56,0.25,0.81,0.48,0.73
Tottenham Hotspur,MF,25,36,36,"3,196",35.5,2,2,2,0,0,3,0,0.06,0.06,0.11,0.06,0.11,2,2,2.5,4.5,0.06,0.07,0.13,0.06,0.13
Tottenham Hotspur,DF,27,35,35,"3,071",34.1,0,0,0,0,0,1,0,0,0,0,0,0,1,1,1.4,2.4,0.03,0.04,0.07,0.03,0.07
Tottenham Hotspur,"FW,MF",29,35,35,"3,006",33.4,23,7,23,0,0,2,0,0.69,0.21,0.9,0.69,0.9,16.4,16.4,8.1,24.5,0.49,0.24,0.73,0.49,0.73
Tottenham Hotspur,DF,28,29,28,"2,538",28.2,1,1,1,0,0,6,0,0.04,0.04,0.07,0.04,0.07,1.8,1.8,0.6,2.3,0.06,0.02,0.08,0.06,0.08
Tottenham Hotspur,DF,22,31,26,"2,286",25.4,1,1,1,0,0,5,0,0.04,0.04,0.08,0.04,0.08,1.5,1.5,2.1,3.6,0.06,0.08,0.14,0.06,0.14
Tottenham Hotspur,DF,24,25,22,"1,916",21.3,2,3,2,0,0,4,0,0.09,0.14,0.23,0.09,0.23,3,3,4,7,0.14,0.19,0.33,0.14,0.33
Tottenham Hotspur,DF,23,22,21,"1,844",20.5,1,0,1,0,0,8,0,0.05,0,0.05,0.05,0.05,0.7,0.7,0.5,1.1,0.03,0.02,0.05,0.03,0.05
Tottenham Hotspur,"FW,MF",28,34,19,"1,775",19.7,2,6,2,0,0,4,0,0.1,0.3,0.41,0.1,0.41,3.7,3.7,4.4,8.1,0.19,0.23,0.41,0.19,0.41
Tottenham Hotspur,DF,25,23,17,"1,631",18.1,2,0,2,0,0,4,0,0.11,0,0.11,0.11,0.11,2.1,2.1,0.4,2.5,0.11,0.02,0.14,0.11,0.14
Tottenham Hotspur,MF,24,17,16,"1,361",15.1,0,4,0,0,0,5,0,0,0.26,0.26,0,0.26,0.9,0.9,2.3,3.2,0.06,0.15,0.21,0.06,0.21
Tottenham Hotspur,MF,20,18,14,"1,350",15,0,0,0,0,0,6,0,0,0,0,0,0,0.2,0.2,0.9,1.1,0.01,0.06,0.07,0.01,0.07
Tottenham Hotspur,"MF,FW",21,18,14,"1,261",14,5,8,5,0,0,3,0,0.36,0.57,0.93,0.36,0.93,3.4,3.4,3.5,6.9,0.24,0.25,0.5,0.24,0.5
Tottenham Hotspur,DF,21,15,13,"1,047",11.6,0,2,0,0,0,2,0,0,0.17,0.17,0,0.17,0.4,0.4,2.9,3.3,0.03,0.25,0.28,0.03,0.28
Tottenham Hotspur,DF,22,11,10,735,8.2,0,0,0,0,0,4,1,0,0,0,0,0,0.4,0.4,0.4,0.7,0.05,0.05,0.09,0.05,0.09
Tottenham Hotspur,MF,25,19,9,912,10.1,0,1,0,0,0,2,0,0,0.1,0.1,0,0.1,0.1,0.1,1.5,1.6,0.01,0.15,0.16,0.01,0.16
Tottenham Hotspur,DF,29,15,9,875,9.7,2,4,2,0,0,0,0,0.21,0.41,0.62,0.21,0.62,2.5,2.5,1.8,4.3,0.26,0.18,0.44,0.26,0.44
Tottenham Hotspur,"MF,FW",25,10,8,657,7.3,1,0,0,1,1,1,0,0.14,0,0.14,0,0,1.5,0.7,0.8,1.5,0.2,0.11,0.31,0.1,0.21
Tottenham Hotspur,MF,24,9,6,484,5.4,1,1,1,0,0,1,0,0.19,0.19,0.37,0.19,0.37,0.5,0.5,0.4,0.9,0.09,0.07,0.16,0.09,0.16
Tottenham Hotspur,"FW,MF",23,25,4,565,6.3,3,1,3,0,0,1,0,0.48,0.16,0.64,0.48,0.64,3.1,3.1,0.7,3.7,0.49,0.11,0.59,0.49,0.59
Tottenham Hotspur,"MF,FW",25,9,2,238,2.6,0,0,0,0,0,0,0,0,0,0,0,0,0.7,0.7,0.6,1.4,0.28,0.24,0.52,0.28,0.52
Tottenham Hotspur,"FW,MF",20,9,0,94,1,0,0,0,0,0,0,0,0,0,0,0,0,0,0,0.1,0.1,0.03,0.07,0.1,0.03,0.1
Tottenham Hotspur,DF,23,3,0,89,1,0,0,0,0,0,0,0,0,0,0,0,0,0,0,0,0,0,0,0,0,0
Tottenham Hotspur,MF,17,1,0,4,0,0,0,0,0,0,0,0,0,0,0,0,0,0,0,0,0,0,0,0,0,0
Tottenham Hotspur,GK,22,0,0,,,,,,,,,,,,,,,,,,,,,,,
Tottenham Hotspur,MF,20,0,0,,,,,,,,,,,,,,,,,,,,,,,
Tottenham Hotspur,MF,18,0,0,,,,,,,,,,,,,,,,,,,,,,,
Tottenham Hotspur,MF,16,0,0,,,,,,,,,,,,,,,,,,,,,,,
Tottenham Hotspur,GK,26,0,0,,,,,,,,,,,,,,,,,,,,,,,
Tottenham Hotspur,DF,20,0,0,,,,,,,,,,,,,,,,,,,,,,,
Tottenham Hotspur,"FW,MF",19,0,0,,,,,,,,,,,,,,,,,,,,,,,
Tottenham Hotspur,DF,21,0,0,,,,,,,,,,,,,,,,,,,,,,,
Tottenham Hotspur,MF,31,0,0,,,,,,,,,,,,,,,,,,,,,,,
Tottenham Hotspur,MF,19,0,0,,,,,,,,,,,,,,,,,,,,,,,
Watford,MF,31,36,36,"3,220",35.8,2,1,2,0,0,5,0,0.06,0.03,0.08,0.06,0.08,3.4,3.4,2.8,6.2,0.1,0.08,0.17,0.1,0.17
Watford,"FW,MF",23,33,30,"2,581",28.7,10,6,10,0,0,9,1,0.35,0.21,0.56,0.35,0.56,7.5,7.5,3.2,10.7,0.26,0.11,0.37,0.26,0.37
Watford,DF,32,31,27,"2,396",26.6,0,1,0,0,0,3,0,0,0.04,0.04,0,0.04,0.1,0.1,0.3,0.5,0,0.01,0.02,0,0.02
Watford,FW,29,32,27,"2,248",25,5,3,4,1,1,5,0,0.2,0.12,0.32,0.16,0.28,8,7.2,3.2,10.4,0.32,0.13,0.45,0.29,0.42
Watford,GK,38,26,26,"2,340",26,0,1,0,0,0,0,0,0,0.04,0.04,0,0.04,0,0,0.2,0.2,0,0.01,0.01,0,0.01
Watford,DF,30,27,26,"2,142",23.8,0,5,0,0,0,2,0,0,0.21,0.21,0,0.21,0.1,0.1,3.2,3.3,0,0.14,0.14,0,0.14
Watford,MF,34,26,22,"1,920",21.3,1,1,1,0,0,5,1,0.05,0.05,0.09,0.05,0.09,3.1,3.1,0.9,4.1,0.15,0.04,0.19,0.15,0.19
Watford,"FW,MF",23,22,21,"1,861",20.7,5,2,5,0,1,2,0,0.24,0.1,0.34,0.24,0.34,4.2,3.5,2.5,6,0.2,0.12,0.33,0.17,0.29
Watford,MF,31,28,20,"1,616",18,0,2,0,0,0,2,0,0,0.11,0.11,0,0.11,0.8,0.8,2,2.9,0.05,0.11,0.16,0.05,0.16
Watford,DF,26,19,19,"1,673",18.6,0,0,0,0,0,4,0,0,0,0,0,0,0.3,0.3,0.1,0.5,0.02,0.01,0.02,0.02,0.02
Watford,DF,27,19,18,"1,623",18,1,0,1,0,0,5,1,0.06,0,0.06,0.06,0.06,0.2,0.2,0.4,0.6,0.01,0.02,0.03,0.01,0.03
Watford,MF,22,20,17,"1,416",15.7,0,0,0,0,0,6,0,0,0,0,0,0,1.1,1.1,1,2.1,0.07,0.07,0.14,0.07,0.14
Watford,"FW,MF",19,28,15,"1,644",18.3,3,1,3,0,0,1,0,0.16,0.05,0.22,0.16,0.22,4.2,4.2,2.6,6.8,0.23,0.14,0.37,0.23,0.37
Watford,DF,27,17,15,"1,390",15.4,0,0,0,0,0,3,0,0,0,0,0,0,0.1,0.1,0.1,0.2,0.01,0.01,0.01,0.01,0.01
Watford,DF,27,15,13,"1,077",12,0,1,0,0,0,0,0,0,0.08,0.08,0,0.08,0.4,0.4,0.7,1.1,0.03,0.06,0.09,0.03,0.09
Watford,DF,30,16,12,"1,193",13.3,0,0,0,0,0,0,0,0,0,0,0,0,0.7,0.7,0,0.8,0.05,0,0.06,0.05,0.06
Watford,GK,27,12,12,"1,080",12,0,0,0,0,0,0,0,0,0,0,0,0,0,0,0,0,0,0,0,0,0
Watford,"FW,MF",22,25,11,"1,147",12.7,5,2,5,0,0,3,0,0.39,0.16,0.55,0.39,0.55,2.5,2.5,1.9,4.4,0.2,0.15,0.35,0.2,0.35
Watford,DF,20,16,9,903,10,0,0,0,0,0,0,0,0,0,0,0,0,0.1,0.1,0.5,0.6,0.01,0.05,0.06,0.01,0.06
Watford,MF,22,13,9,799,8.9,0,0,0,0,0,0,0,0,0,0,0,0,0.2,0.2,0.3,0.5,0.02,0.03,0.06,0.02,0.06
Watford,"MF,FW",27,18,7,852,9.5,0,0,0,0,0,1,0,0,0,0,0,0,0.2,0.2,1.2,1.4,0.02,0.13,0.14,0.02,0.14
Watford,DF,31,8,7,689,7.7,0,0,0,0,0,4,0,0,0,0,0,0,0.2,0.2,0.8,0.9,0.02,0.1,0.12,0.02,0.12
Watford,DF,24,5,5,427,4.7,0,0,0,0,0,0,0,0,0,0,0,0,0,0,0,0,0.01,0,0.01,0.01,0.01
Watford,MF,25,9,4,401,4.5,0,0,0,0,0,3,0,0,0,0,0,0,0,0,0.1,0.1,0.01,0.01,0.02,0.01,0.02
Watford,MF,26,7,4,334,3.7,0,0,0,0,0,0,0,0,0,0,0,0,0.5,0.5,0.2,0.8,0.14,0.07,0.2,0.14,0.2
Watford,FW,23,4,2,222,2.5,0,0,0,0,0,0,0,0,0,0,0,0,0.3,0.3,0.2,0.4,0.12,0.06,0.18,0.12,0.18
Watford,DF,31,3,2,168,1.9,0,0,0,0,0,0,0,0,0,0,0,0,0,0,0,0,0,0.01,0.01,0,0.01
Watford,MF,31,4,2,166,1.8,1,0,1,0,0,0,0,0.54,0,0.54,0.54,0.54,0.2,0.2,0,0.2,0.1,0.01,0.11,0.1,0.11
Watford,FW,25,3,0,30,0.3,0,0,0,0,0,0,0,0,0,0,0,0,0.4,0.4,0,0.4,1.16,0,1.16,1.16,1.16
Watford,FW,33,2,0,25,0.3,0,0,0,0,0,0,0,0,0,0,0,0,0.4,0.4,0.1,0.5,1.45,0.32,1.77,1.45,1.77
Watford,GK,17,0,0,,,,,,,,,,,,,,,,,,,,,,,
Watford,FW,18,0,0,,,,,,,,,,,,,,,,,,,,,,,
Watford,FW,16,0,0,,,,,,,,,,,,,,,,,,,,,,,
Watford,MF,18,0,0,,,,,,,,,,,,,,,,,,,,,,,
Watford,FW,18,0,0,,,,,,,,,,,,,,,,,,,,,,,
Watford,GK,35,0,0,,,,,,,,,,,,,,,,,,,,,,,
Watford,FW,17,0,0,,,,,,,,,,,,,,,,,,,,,,,
Watford,FW,16,0,0,,,,,,,,,,,,,,,,,,,,,,,
Watford,DF,19,0,0,,,,,,,,,,,,,,,,,,,,,,,
West Ham United,GK,36,37,37,"3,330",37,0,0,0,0,0,2,0,0,0,0,0,0,0,0,0,0,0,0,0,0,0
West Ham United,MF,22,36,35,"3,179",35.3,1,4,1,0,0,8,0,0.03,0.11,0.14,0.03,0.14,1.1,1.1,2,3,0.03,0.06,0.09,0.03,0.09
West Ham United,MF,26,35,34,"3,062",34,5,1,5,0,0,3,0,0.15,0.03,0.18,0.15,0.18,4.8,4.4,1.5,5.9,0.14,0.05,0.19,0.13,0.17
West Ham United,FW,24,36,34,"2,983",33.1,12,10,12,0,0,6,0,0.36,0.3,0.66,0.36,0.66,11.1,11.1,5.7,16.8,0.34,0.17,0.51,0.34,0.51
West Ham United,FW,31,36,34,"2,971",33,10,8,10,0,1,8,1,0.3,0.24,0.55,0.3,0.55,11.1,10.8,6.6,17.5,0.34,0.2,0.54,0.33,0.53
West Ham United,"FW,MF",25,36,32,"2,795",31.1,6,3,6,0,0,4,0,0.19,0.1,0.29,0.19,0.29,5,5,5.6,10.6,0.16,0.18,0.34,0.16,0.34
West Ham United,DF,31,31,31,"2,726",30.3,2,3,2,0,0,3,0,0.07,0.1,0.17,0.07,0.17,1.1,1.1,3.2,4.3,0.04,0.11,0.14,0.04,0.14
West Ham United,DF,31,34,30,"2,754",30.6,2,2,2,0,0,5,1,0.07,0.07,0.13,0.07,0.13,2.9,2.9,0.5,3.3,0.09,0.01,0.11,0.09,0.11
West Ham United,"FW,MF",25,32,26,"2,168",24.1,8,6,8,0,0,0,0,0.33,0.25,0.58,0.33,0.58,5.1,5.1,3.2,8.3,0.21,0.13,0.35,0.21,0.35
West Ham United,DF,28,28,25,"2,209",24.5,0,4,0,0,0,5,1,0,0.16,0.16,0,0.16,0.6,0.6,2.4,3,0.02,0.1,0.12,0.02,0.12
West Ham United,DF,26,24,24,"2,078",23.1,1,0,1,0,0,1,0,0.04,0,0.04,0.04,0.04,0.9,0.9,0,0.9,0.04,0,0.04,0.04,0.04
West Ham United,"MF,FW",28,30,19,"1,786",19.8,5,3,2,3,3,2,0,0.25,0.15,0.4,0.1,0.25,3.4,1.1,2.2,3.3,0.17,0.11,0.28,0.06,0.17
West Ham United,DF,21,20,16,"1,397",15.5,1,0,1,0,0,1,0,0.06,0,0.06,0.06,0.06,0.1,0.1,0.8,0.9,0.01,0.05,0.06,0.01,0.06
West Ham United,DF,33,11,11,921,10.2,1,0,1,0,0,1,0,0.1,0,0.1,0.1,0.1,0.3,0.3,0,0.3,0.03,0,0.03,0.03,0.03
West Ham United,DF,24,13,10,963,10.7,0,1,0,0,0,0,0,0,0.09,0.09,0,0.09,0.1,0.1,0.1,0.3,0.01,0.01,0.02,0.01,0.02
West Ham United,"DF,FW",27,13,6,650,7.2,1,1,1,0,0,1,0,0.14,0.14,0.28,0.14,0.28,0.1,0.1,0.9,1,0.01,0.12,0.14,0.01,0.14
West Ham United,"FW,MF",23,19,6,560,6.2,1,0,1,0,0,0,0,0.16,0,0.16,0.16,0.16,1,1,0.4,1.4,0.16,0.07,0.23,0.16,0.23
West Ham United,MF,34,11,3,332,3.7,1,0,0,1,2,0,0,0.27,0,0.27,0,0,1.5,0,0.2,0.2,0.41,0.06,0.47,0,0.06
West Ham United,DF,28,7,3,307,3.4,0,0,0,0,0,1,0,0,0,0,0,0,0,0,0.1,0.1,0,0.03,0.03,0,0.03
West Ham United,FW,31,19,1,316,3.5,1,0,1,0,0,1,0,0.28,0,0.28,0.28,0.28,0.8,0.8,0.2,1,0.24,0.05,0.29,0.24,0.29
West Ham United,GK,28,1,1,90,1,0,0,0,0,0,0,0,0,0,0,0,0,0,0,0,0,0,0,0,0,0
West Ham United,DF,19,1,0,7,0.1,0,0,0,0,0,0,0,0,0,0,0,0,0,0,0,0,0,0,0,0,0
West Ham United,FW,17,1,0,4,0,0,0,0,0,0,0,0,0,0,0,0,0,0,0,0,0,0,0,0,0,0
West Ham United,MF,19,1,0,1,0,0,0,0,0,0,0,0,0,0,0,0,0,0,0,0,0,0,0,0,0,0
West Ham United,MF,23,1,0,1,0,0,0,0,0,0,0,0,0,0,0,0,0,0,0,0,0,0,0,0,0,0
West Ham United,DF,21,0,0,,,,,,,,,,,,,,,,,,,,,,,
West Ham United,DF,17,0,0,,,,,,,,,,,,,,,,,,,,,,,
West Ham United,MF,21,0,0,,,,,,,,,,,,,,,,,,,,,,,
West Ham United,MF,19,0,0,,,,,,,,,,,,,,,,,,,,,,,
West Ham United,MF,19,0,0,,,,,,,,,,,,,,,,,,,,,,,
West Ham United,GK,34,0,0,,,,,,,,,,,,,,,,,,,,,,,
Wolverhampton Wanderers,DF,28,38,38,"3,361",37.3,4,0,4,0,0,4,0,0.11,0,0.11,0.11,0.11,2,2,0,2,0.05,0,0.05,0.05,0.05
Wolverhampton Wanderers,GK,28,37,37,"3,285",36.5,0,1,0,0,0,3,0,0,0.03,0.03,0,0.03,0,0,1,1,0,0.03,0.03,0,0.03
Wolverhampton Wanderers,MF,34,35,34,"2,970",33,2,1,2,0,0,4,0,0.06,0.03,0.09,0.06,0.09,1,1,2.4,3.5,0.03,0.07,0.11,0.03,0.11
Wolverhampton Wanderers,DF,31,31,31,"2,705",30.1,2,0,2,0,0,6,0,0.07,0,0.07,0.07,0.07,2.7,2.7,0.4,3.1,0.09,0.01,0.1,0.09,0.1
Wolverhampton Wanderers,MF,24,33,31,"2,661",29.6,4,2,4,0,0,9,0,0.14,0.07,0.2,0.14,0.2,1.2,1.2,2.2,3.4,0.04,0.07,0.12,0.04,0.12
Wolverhampton Wanderers,DF,24,30,30,"2,687",29.9,1,0,1,0,0,3,0,0.03,0,0.03,0.03,0.03,1,1,0,1,0.03,0,0.03,0.03,0.03
Wolverhampton Wanderers,FW,30,34,30,"2,631",29.2,6,4,5,1,1,9,2,0.21,0.14,0.34,0.17,0.31,6.6,6.1,2.7,8.7,0.23,0.09,0.32,0.21,0.3
Wolverhampton Wanderers,DF,27,25,25,"2,131",23.7,0,1,0,0,0,1,0,0,0.04,0.04,0,0.04,1.4,1.4,1.2,2.6,0.06,0.05,0.11,0.06,0.11
Wolverhampton Wanderers,MF,26,30,21,"1,950",21.7,2,2,2,0,0,4,0,0.09,0.09,0.18,0.09,0.18,2.6,2.6,0.9,3.5,0.12,0.04,0.16,0.12,0.16
Wolverhampton Wanderers,DF,20,23,20,"1,828",20.3,1,2,1,0,0,4,0,0.05,0.1,0.15,0.05,0.15,0.7,0.7,1.3,2.1,0.04,0.07,0.1,0.04,0.1
Wolverhampton Wanderers,"FW,MF",25,30,20,"1,816",20.2,5,1,5,0,0,2,0,0.25,0.05,0.3,0.25,0.3,4,4,1.7,5.7,0.2,0.08,0.28,0.2,0.28
Wolverhampton Wanderers,DF,32,18,17,"1,449",16.1,0,0,0,0,0,3,0,0,0,0,0,0,0.5,0.5,0.7,1.2,0.03,0.04,0.08,0.03,0.08
Wolverhampton Wanderers,"FW,MF",21,28,16,"1,336",14.8,2,1,2,0,0,0,0,0.13,0.07,0.2,0.13,0.2,3.4,3.4,1.2,4.6,0.23,0.08,0.31,0.23,0.31
Wolverhampton Wanderers,"FW,MF",25,26,15,"1,484",16.5,2,3,2,0,0,2,0,0.12,0.18,0.3,0.12,0.3,1.9,1.9,3.8,5.8,0.12,0.23,0.35,0.12,0.35
Wolverhampton Wanderers,FW,25,20,10,"1,067",11.9,1,0,1,0,0,0,0,0.08,0,0.08,0.08,0.08,2.4,2.4,1.7,4.1,0.2,0.15,0.35,0.2,0.35
Wolverhampton Wanderers,DF,27,13,10,"1,024",11.4,2,0,2,0,0,1,0,0.18,0,0.18,0.18,0.18,0.8,0.8,1.2,2,0.07,0.1,0.17,0.07,0.17
Wolverhampton Wanderers,DF,30,10,10,900,10,0,0,0,0,0,1,0,0,0,0,0,0,0.2,0.2,0.1,0.3,0.02,0.01,0.03,0.02,0.03
Wolverhampton Wanderers,FW,19,22,6,572,6.4,0,0,0,0,0,0,0,0,0,0,0,0,2.3,2.3,0.2,2.4,0.36,0.02,0.38,0.36,0.38
Wolverhampton Wanderers,"FW,MF",21,13,5,466,5.2,1,1,1,0,0,3,0,0.19,0.19,0.39,0.19,0.39,1.5,1.5,1.1,2.6,0.29,0.22,0.51,0.29,0.51
Wolverhampton Wanderers,DF,22,4,4,360,4,0,0,0,0,0,1,0,0,0,0,0,0,0.1,0.1,0,0.1,0.01,0,0.01,0.01,0.01
Wolverhampton Wanderers,DF,19,8,4,308,3.4,0,0,0,0,0,1,0,0,0,0,0,0,0,0,0,0.1,0.01,0.01,0.02,0.01,0.02
Wolverhampton Wanderers,MF,19,4,2,180,2,0,0,0,0,0,0,0,0,0,0,0,0,0,0,0.2,0.2,0,0.12,0.12,0,0.12
Wolverhampton Wanderers,"DF,MF",21,8,1,208,2.3,0,3,0,0,0,0,0,0,1.3,1.3,0,1.3,0.3,0.3,0.6,0.9,0.13,0.27,0.41,0.13,0.41
Wolverhampton Wanderers,GK,34,2,1,135,1.5,0,0,0,0,0,0,0,0,0,0,0,0,0,0,0,0,0,0,0,0,0
Wolverhampton Wanderers,MF,18,1,0,13,0.1,0,0,0,0,0,0,0,0,0,0,0,0,0,0,0,0,0,0,0,0,0
Wolverhampton Wanderers,"FW,MF",21,2,0,9,0.1,0,0,0,0,0,1,0,0,0,0,0,0,0.1,0.1,0,0.1,1.22,0,1.22,1.22,1.22
Wolverhampton Wanderers,DF,18,0,0,,,,,,,,,,,,,,,,,,,,,,,
Wolverhampton Wanderers,MF,21,0,0,,,,,,,,,,,,,,,,,,,,,,,
Wolverhampton Wanderers,MF,22,0,0,,,,,,,,,,,,,,,,,,,,,,,
Wolverhampton Wanderers,DF,18,0,0,,,,,,,,,,,,,,,,,,,,,,,
Wolverhampton Wanderers,DF,20,0,0,,,,,,,,,,,,,,,,,,,,,,,
Wolverhampton Wanderers,GK,19,0,0,,,,,,,,,,,,,,,,,,,,,,,
Wolverhampton Wanderers,DF,21,0,0,,,,,,,,,,,,,,,,,,,,,,,
Wolverhampton Wanderers,GK,,0,0,,,,,,,,,,,,,,,,,,,,,,,
